NUMT_ID	Bonobo	Chimpanzee	Human	Gorilla	Sorang	Borang	Barong	Dinah	Dolly	Lotti	Micelle	Sarawak	Sari	Tilda	Ampal	Billy	Claus	Dennis	Kajan	Kala	Louis	Napoleon
mPonPyg2_numt1	1	1	1	1	1	1	1	1	1	1	1	1	1	1	1	1	1	1	1	1	1	1
mPonPyg2_numt2	1	1	1	1	1	1	1	1	1	1	1	1	1	1	1	1	1	1	1	1	1	1
mPonPyg2_numt3	0	0	0	0	1	1	1	1	1	1	1	1	1	1	1	1	1	1	1	1	1	1
mPonPyg2_numt4	0	0	0	0	1	1	1	1	1	1	1	1	1	1	1	1	1	1	1	1	1	1
mPonPyg2_numt5	0	0	0	0	1	1	1	1	1	1	1	1	1	1	1	1	1	1	1	1	1	1
mPonPyg2_numt6	0	0	0	0	1	1	1	1	1	1	1	1	1	1	1	1	1	1	1	1	1	1
mPonPyg2_numt7	0	0	0	0	1	1	1	1	1	1	1	1	1	1	1	1	1	1	1	1	1	1
mPonPyg2_numt8	0	0	0	0	1	1	1	1	1	1	1	1	1	1	1	1	1	1	1	1	1	1
mPonPyg2_numt9	0	0	1	0	1	1	1	1	1	1	1	1	1	1	1	1	1	1	1	1	1	1
mPonPyg2_numt10	0	0	1	0	1	1	1	1	1	1	1	1	1	1	1	1	1	1	1	1	1	1
mPonPyg2_numt11	0	0	1	0	1	1	1	1	1	1	1	1	1	1	1	1	1	1	1	1	1	1
mPonPyg2_numt12	0	0	0	0	1	1	1	1	1	1	1	1	1	1	1	1	1	1	1	1	1	1
mPonPyg2_numt13	0	0	1	0	1	1	1	1	1	1	1	1	1	1	1	1	1	1	1	1	1	1
mPonPyg2_numt14	0	0	1	0	1	1	1	1	1	1	1	1	1	1	1	1	1	1	1	1	1	1
mPonPyg2_numt15	0	0	0	0	1	1	1	1	1	1	1	1	1	1	1	1	1	1	1	1	1	1
mPonPyg2_numt16	0	0	0	0	1	1	1	1	1	1	1	1	1	1	1	1	1	1	1	1	1	1
mPonPyg2_numt17	0	0	0	0	0	1	1	1	1	1	1	1	1	1	1	1	1	1	1	1	1	1
mPonPyg2_numt18	0	0	0	0	1	1	1	1	1	1	1	1	1	1	1	1	1	1	1	1	1	1
mPonPyg2_numt19	NaN	NaN	NaN	NaN	NaN	NaN	1	1	1	1	1	1	1	1	1	1	1	1	1	1	1	1
mPonPyg2_numt20	0	0	0	0	1	1	1	1	1	1	1	1	1	1	1	1	1	1	1	1	1	1
mPonPyg2_numt21	1	1	1	1	1	1	1	1	1	1	1	1	1	1	1	1	1	1	1	1	1	1
mPonPyg2_numt22	0	0	0	0	1	1	1	1	1	1	1	1	1	1	1	1	1	1	1	1	1	1
mPonPyg2_numt23	1	1	1	1	1	1	1	1	1	1	1	1	1	1	1	1	1	1	1	1	1	1
mPonPyg2_numt24	0	0	0	0	1	1	1	1	1	1	1	1	1	1	1	1	1	1	1	1	1	1
mPonPyg2_numt25	0	0	0	0	1	1	1	1	1	1	1	1	1	1	1	1	1	1	1	1	1	1
mPonPyg2_numt26	0	0	1	0	1	1	1	1	1	1	1	1	1	1	1	1	1	1	1	1	1	1
mPonPyg2_numt27	1	0	0	0	1	1	1	1	1	1	1	1	1	1	1	1	1	1	1	1	1	1
mPonPyg2_numt28	1	0	0	0	1	1	1	1	1	1	1	1	1	1	1	1	1	1	1	1	1	1
mPonPyg2_numt29	1	0	0	0	1	1	1	1	1	1	1	1	1	1	1	1	1	1	1	1	1	1
mPonPyg2_numt30	1	0	0	0	1	1	1	1	1	1	1	1	1	1	1	1	1	1	1	1	1	1
mPonPyg2_numt31	0	0	0	0	1	1	1	1	1	1	1	1	1	1	1	1	1	1	1	1	1	1
mPonPyg2_numt32	0	0	0	0	1	1	1	1	1	1	1	1	1	1	1	1	1	1	1	1	1	1
mPonPyg2_numt33	0	0	0	0	1	1	1	1	1	1	1	1	1	1	1	1	1	1	1	1	1	1
mPonPyg2_numt34	0	0	0	0	1	1	1	1	1	1	1	1	1	1	1	1	1	1	1	1	1	1
mPonPyg2_numt35	0	0	0	0	1	1	1	1	1	1	1	1	1	1	1	1	1	1	1	1	1	1
mPonPyg2_numt36	0	0	0	0	1	1	1	1	1	1	1	1	1	1	1	1	1	1	1	1	1	1
mPonPyg2_numt37	0	0	0	0	1	1	1	1	1	1	1	1	1	1	1	1	1	1	1	1	1	1
mPonPyg2_numt38	0	0	0	0	1	1	1	1	1	1	1	1	1	1	1	1	1	1	1	1	1	1
mPonPyg2_numt39	0	1	1	1	1	1	1	1	1	1	1	1	1	1	0	1	1	1	1	1	1	1
mPonPyg2_numt40	0	1	0	1	1	1	1	1	1	1	1	1	1	1	1	1	1	1	1	1	1	1
mPonPyg2_numt41	0	0	0	0	1	1	1	1	1	1	1	1	1	1	1	1	1	1	1	1	1	1
mPonPyg2_numt42	0	1	1	1	1	1	1	1	1	1	1	1	1	1	1	1	1	1	1	1	1	1
mPonPyg2_numt43	0	0	0	0	1	1	1	1	1	1	1	1	1	1	1	1	1	1	1	1	1	1
mPonPyg2_numt44	0	0	0	0	1	1	1	1	1	1	1	1	1	1	1	1	1	1	1	1	1	1
mPonPyg2_numt45	0	0	0	0	1	1	1	1	1	1	1	1	1	1	1	1	1	1	1	1	1	1
mPonPyg2_numt46	0	0	0	0	1	1	1	1	1	1	1	1	1	1	1	1	1	1	1	1	1	1
mPonPyg2_numt47	0	0	1	0	1	1	1	1	1	1	1	1	1	1	1	1	1	1	1	1	1	1
mPonPyg2_numt48	0	1	1	1	1	1	1	1	1	1	1	1	1	1	1	1	1	1	1	1	1	1
mPonPyg2_numt49	0	1	1	1	1	1	1	1	1	1	1	1	1	1	1	1	1	1	1	1	1	1
mPonPyg2_numt50	0	1	1	1	1	1	1	1	1	1	1	1	1	1	1	1	1	1	1	1	1	1
mPonPyg2_numt51	NaN	NaN	NaN	NaN	NaN	NaN	1	1	1	1	1	1	1	1	1	1	1	1	1	1	1	1
mPonPyg2_numt52	0	1	1	1	1	1	1	1	1	1	1	1	1	1	1	1	1	1	1	1	1	1
mPonPyg2_numt53	0	0	0	0	1	1	1	1	1	1	1	1	1	1	1	1	1	1	1	1	1	1
mPonPyg2_numt54	0	0	0	0	1	1	1	1	1	1	1	1	1	1	1	1	1	1	1	1	1	1
mPonPyg2_numt55	0	0	0	0	1	1	1	1	1	1	1	1	1	1	1	1	1	1	1	1	1	1
mPonPyg2_numt56	0	0	0	0	1	1	1	1	1	1	1	1	1	1	1	1	1	1	1	1	1	1
mPonPyg2_numt57	1	1	1	1	1	1	1	1	1	1	1	1	1	1	1	1	1	1	1	1	1	1
mPonPyg2_numt58	0	0	0	0	1	1	1	1	1	1	1	1	1	0	1	1	1	1	1	1	1	1
mPonPyg2_numt59	1	1	1	1	1	1	1	1	1	1	1	1	1	1	1	1	1	1	1	1	1	1
mPonPyg2_numt60	1	1	1	1	1	1	1	1	1	1	1	1	1	1	1	1	1	1	1	1	1	1
mPonPyg2_numt61	1	1	1	1	1	1	1	1	1	1	1	1	1	1	1	1	1	1	1	1	1	1
mPonPyg2_numt62	1	0	1	1	1	1	1	1	1	1	1	1	1	1	1	1	1	1	1	1	1	1
mPonPyg2_numt63	1	1	1	1	1	1	1	1	1	1	1	1	1	1	1	1	1	1	1	1	1	1
mPonPyg2_numt64	1	1	1	1	1	1	1	1	1	1	1	1	1	1	1	1	1	1	1	1	1	1
mPonPyg2_numt65	1	1	1	1	1	1	1	1	1	1	1	1	1	1	1	1	1	1	1	1	1	1
mPonPyg2_numt66	1	1	1	1	1	1	1	1	1	1	1	1	1	1	1	1	1	1	1	1	1	1
mPonPyg2_numt67	NaN	NaN	NaN	NaN	NaN	NaN	1	1	1	1	1	1	1	1	1	1	1	1	1	1	1	1
mPonPyg2_numt68	0	0	0	0	1	1	NaN	NaN	NaN	NaN	NaN	NaN	NaN	NaN	NaN	NaN	NaN	NaN	NaN	NaN	NaN	NaN
mPonPyg2_numt69	1	1	1	1	1	1	1	1	1	1	1	1	1	1	1	1	1	1	1	1	1	1
mPonPyg2_numt70	1	1	1	1	1	1	1	1	1	1	1	1	1	1	1	1	1	1	1	1	1	1
mPonPyg2_numt71	1	1	1	1	1	1	1	1	1	1	1	1	1	1	1	1	1	1	1	1	1	1
mPonPyg2_numt72	1	1	1	1	1	1	1	1	1	1	1	1	1	1	1	1	1	1	1	1	1	1
mPonPyg2_numt73	0	0	0	0	1	1	1	1	1	1	1	1	1	1	1	1	1	1	1	1	1	1
mPonPyg2_numt74	1	1	1	1	1	1	1	1	1	1	1	1	1	1	1	1	1	1	1	1	1	1
mPonPyg2_numt75	1	1	1	1	1	1	1	1	1	1	1	1	1	1	1	1	1	1	1	1	1	1
mPonPyg2_numt76	1	1	1	1	1	1	1	1	1	1	1	1	1	1	1	1	1	1	1	1	1	1
mPonPyg2_numt77	1	1	1	1	1	1	1	1	1	1	1	1	1	1	1	1	1	1	1	1	1	1
mPonPyg2_numt78	1	1	1	1	1	1	1	1	1	1	1	1	1	1	1	1	1	1	1	1	1	1
mPonPyg2_numt79	0	0	0	0	1	1	1	1	1	1	1	1	1	1	1	1	1	1	1	1	1	1
mPonPyg2_numt80	1	1	0	1	1	1	1	1	1	1	1	1	1	1	1	1	1	1	1	1	1	1
mPonPyg2_numt81	0	0	0	1	1	1	1	1	1	1	1	1	1	1	1	1	1	1	1	1	1	1
mPonPyg2_numt82	0	0	0	0	1	1	1	1	1	1	1	1	1	1	1	1	1	1	1	1	1	1
mPonPyg2_numt83	0	0	0	0	1	1	1	1	1	1	1	1	1	1	1	1	1	1	1	1	1	1
mPonPyg2_numt84	0	0	0	0	1	1	1	1	1	1	1	1	1	1	1	1	1	1	1	1	1	1
mPonPyg2_numt85	0	0	0	0	0	1	1	1	1	1	1	1	1	1	1	1	1	1	1	1	1	1
mPonPyg2_numt86	0	0	1	1	1	1	1	1	1	1	1	1	1	1	1	1	1	1	1	1	1	1
mPonPyg2_numt87	0	0	0	1	1	1	1	1	1	1	1	1	1	1	1	1	1	1	1	1	1	1
mPonPyg2_numt88	0	0	1	1	1	1	1	1	1	1	1	1	1	1	1	1	1	1	1	1	1	1
mPonPyg2_numt89	0	0	0	0	1	1	1	1	1	1	1	1	1	1	1	1	1	1	1	1	1	1
mPonPyg2_numt90	1	1	0	1	1	1	1	1	1	1	1	1	1	1	1	1	1	1	1	1	1	1
mPonPyg2_numt91	0	0	0	0	1	1	1	1	1	1	1	1	1	1	1	1	1	1	1	1	1	1
mPonPyg2_numt92	1	1	0	1	1	1	1	1	1	1	1	1	1	1	1	1	1	1	1	1	1	1
mPonPyg2_numt93	1	1	0	1	1	1	1	1	1	1	1	1	1	1	1	1	1	1	1	1	1	1
mPonPyg2_numt94	0	0	0	0	1	1	1	1	1	1	1	1	1	1	0	1	1	1	1	1	1	1
mPonPyg2_numt95	1	1	0	1	1	1	1	1	1	1	1	1	1	1	1	1	1	1	1	1	1	1
mPonPyg2_numt96	0	0	0	0	1	1	1	1	1	1	1	1	1	1	1	1	1	1	1	1	1	1
mPonPyg2_numt97	1	1	0	1	1	1	1	1	1	1	1	1	1	1	1	1	1	1	1	1	1	1
mPonPyg2_numt98	1	1	0	1	1	1	1	1	1	1	1	1	1	1	1	1	1	1	1	1	1	1
mPonPyg2_numt99	1	1	0	1	1	1	1	1	1	1	1	1	1	1	1	1	1	1	1	1	1	1
mPonPyg2_numt100	NaN	NaN	NaN	NaN	NaN	NaN	1	1	1	1	1	1	1	1	1	1	1	1	1	1	1	1
mPonPyg2_numt101	0	0	0	1	1	1	1	1	1	1	1	1	1	1	1	1	1	1	1	1	1	1
mPonPyg2_numt102	0	0	0	0	1	1	1	1	1	1	1	1	1	1	1	1	1	1	1	1	1	1
mPonPyg2_numt103	0	0	0	0	1	1	1	1	1	1	1	1	1	1	1	1	1	1	1	1	1	1
mPonPyg2_numt104	1	1	0	1	1	1	1	1	1	1	1	1	1	1	1	1	1	1	1	1	1	1
mPonPyg2_numt105	1	1	0	1	1	1	1	1	1	1	1	1	1	1	1	1	1	1	1	1	1	1
mPonPyg2_numt106	1	1	0	1	1	1	1	1	1	1	1	1	1	1	1	1	1	1	1	1	1	1
mPonPyg2_numt107	0	0	0	0	1	1	1	1	1	1	1	1	1	1	1	1	1	1	1	1	1	1
mPonPyg2_numt108	0	0	0	0	1	1	1	1	1	1	1	1	1	1	1	1	1	1	1	1	1	1
mPonPyg2_numt109	0	1	0	1	1	1	1	1	1	1	1	1	1	1	1	1	1	1	1	1	1	1
mPonPyg2_numt110	1	1	0	1	1	1	1	1	1	1	1	1	1	1	1	1	1	1	1	1	1	1
mPonPyg2_numt111	1	1	0	1	1	1	1	1	1	1	1	1	1	1	1	1	1	1	1	1	1	1
mPonPyg2_numt112	1	1	0	1	1	1	1	1	1	1	1	1	1	1	1	1	1	1	1	1	1	1
mPonPyg2_numt113	1	1	0	1	1	1	1	1	1	1	1	1	1	1	1	1	1	1	1	1	1	1
mPonPyg2_numt114	1	1	0	1	1	1	1	1	1	1	1	1	1	1	1	1	1	1	1	1	1	1
mPonPyg2_numt115	1	1	0	1	1	1	1	1	1	1	1	1	1	1	1	1	1	1	1	1	1	1
mPonPyg2_numt116	1	1	0	1	1	1	1	1	1	1	1	1	1	1	1	1	1	1	1	1	1	1
mPonPyg2_numt117	1	1	0	1	1	1	1	1	1	1	1	1	1	1	1	1	1	1	1	1	1	1
mPonPyg2_numt118	1	1	0	1	1	1	1	1	1	1	1	1	1	1	1	1	1	1	1	1	1	1
mPonPyg2_numt119	NaN	NaN	NaN	NaN	NaN	NaN	1	1	1	1	1	1	1	1	1	1	1	1	1	1	1	1
mPonPyg2_numt120	1	1	1	1	1	1	1	1	1	1	1	1	1	1	1	1	1	1	1	1	1	1
mPonPyg2_numt121	1	1	1	1	1	1	1	1	1	1	1	1	1	1	1	1	1	1	1	1	1	1
mPonPyg2_numt122	1	1	1	1	1	1	1	1	1	1	1	1	1	1	1	1	1	1	1	1	1	1
mPonPyg2_numt123	1	1	1	1	1	1	1	1	1	1	1	1	1	1	1	1	1	1	1	1	1	1
mPonPyg2_numt124	1	1	1	1	1	1	1	1	1	1	1	1	1	1	1	1	1	1	1	1	1	1
mPonPyg2_numt125	1	1	1	1	1	1	1	1	1	1	1	1	1	1	1	1	1	1	1	1	1	1
mPonPyg2_numt126	1	1	0	0	1	1	1	1	1	1	1	1	1	1	1	1	1	1	1	1	1	1
mPonPyg2_numt127	1	1	0	0	1	1	1	1	1	1	1	1	1	1	1	1	1	1	1	1	1	1
mPonPyg2_numt128	1	1	0	0	1	1	1	1	1	1	1	1	1	1	1	1	1	1	1	1	1	1
mPonPyg2_numt129	0	0	1	1	1	1	1	1	1	1	1	1	1	1	1	1	1	1	1	1	1	1
mPonPyg2_numt130	0	0	1	1	1	1	1	1	1	1	1	1	1	1	1	1	1	1	1	1	1	1
mPonPyg2_numt131	0	0	1	1	1	1	1	1	1	1	1	1	1	1	1	1	1	1	1	1	1	1
mPonPyg2_numt132	0	0	1	1	1	1	1	1	1	1	1	1	1	1	1	1	1	1	1	1	1	1
mPonPyg2_numt133	0	0	1	1	1	1	1	1	1	1	1	1	1	1	1	1	1	1	1	1	1	1
mPonPyg2_numt134	0	0	1	1	1	1	1	1	1	1	1	1	1	1	1	1	1	1	1	1	1	1
mPonPyg2_numt135	0	0	0	0	1	1	1	1	1	1	1	1	1	1	0	1	1	1	1	1	1	1
mPonPyg2_numt136	0	0	1	1	1	1	1	1	1	1	1	1	1	1	1	1	1	1	1	1	1	1
mPonPyg2_numt137	1	1	1	1	1	1	1	1	1	1	1	1	1	1	1	1	1	1	1	1	1	1
mPonPyg2_numt138	1	1	1	1	1	1	1	1	1	1	1	1	1	1	1	1	1	1	1	1	1	1
mPonPyg2_numt139	1	1	1	1	1	1	1	1	1	1	1	1	1	1	1	1	1	1	1	1	1	1
mPonPyg2_numt140	1	1	1	1	1	1	1	1	1	1	1	1	1	1	1	1	1	1	1	1	1	1
mPonPyg2_numt141	1	1	1	1	1	1	1	1	1	1	1	1	1	1	1	1	1	1	1	1	1	1
mPonPyg2_numt142	1	1	1	1	1	1	1	1	1	1	1	1	1	1	1	1	1	1	1	1	1	1
mPonPyg2_numt143	1	1	1	1	1	1	1	1	1	1	1	1	1	1	1	1	1	1	1	1	1	1
mPonPyg2_numt144	1	1	1	1	1	1	1	1	1	1	1	1	1	1	1	1	1	1	1	1	1	1
mPonPyg2_numt145	0	0	1	1	1	1	1	1	1	1	1	1	1	1	1	1	1	1	1	1	1	1
mPonPyg2_numt146	1	0	1	1	1	1	1	1	1	1	1	1	1	1	1	1	1	1	1	1	1	1
mPonPyg2_numt147	0	0	0	1	1	1	1	1	1	1	1	1	1	1	1	1	1	1	1	1	1	1
mPonPyg2_numt148	0	0	0	0	0	1	1	1	1	1	1	1	1	1	1	1	1	1	1	1	1	1
mPonPyg2_numt149	0	0	0	0	1	1	1	1	1	1	1	1	1	1	1	1	1	1	1	1	1	1
mPonPyg2_numt150	1	1	0	1	1	1	1	1	1	1	1	1	1	1	1	1	1	1	1	1	1	1
mPonPyg2_numt151	0	0	0	0	1	1	1	1	1	1	1	1	1	1	1	1	1	1	1	1	1	1
mPonPyg2_numt152	1	1	1	1	1	1	1	1	1	1	1	1	1	1	1	1	1	1	1	1	1	1
mPonPyg2_numt153	0	0	0	0	1	1	1	1	1	1	1	1	1	1	1	1	1	1	1	1	1	1
mPonPyg2_numt154	0	0	0	0	1	1	1	1	1	1	1	1	1	1	1	1	1	1	1	1	1	1
mPonPyg2_numt155	1	1	1	1	1	1	1	1	1	1	1	1	1	1	1	1	1	1	1	1	1	1
mPonPyg2_numt156	1	1	0	1	1	1	1	1	1	1	1	1	1	1	1	1	1	1	1	1	1	1
mPonPyg2_numt157	1	1	1	1	1	1	1	1	1	1	1	1	1	1	1	1	1	1	1	1	1	1
mPonPyg2_numt158	1	1	1	1	1	1	1	1	1	1	1	1	1	1	1	1	1	1	1	1	1	1
mPonPyg2_numt159	1	1	1	1	1	1	1	1	1	1	1	1	1	1	1	1	1	1	1	1	1	1
mPonPyg2_numt160	0	0	0	0	1	1	1	1	1	1	1	1	1	1	1	1	1	1	1	1	1	1
mPonPyg2_numt161	1	1	1	1	1	1	1	1	1	1	1	1	1	1	1	1	1	1	1	1	1	1
mPonPyg2_numt162	1	1	1	0	1	1	1	1	1	1	1	1	1	1	1	1	1	1	1	1	1	1
mPonPyg2_numt163	0	0	0	0	1	1	1	1	1	1	1	1	1	1	1	1	1	1	1	1	1	1
mPonPyg2_numt164	0	0	0	0	1	1	1	1	1	1	1	1	1	1	1	1	1	1	1	1	1	1
mPonPyg2_numt165	1	1	1	1	1	1	1	1	1	1	1	1	1	1	1	1	1	1	1	1	1	1
mPonPyg2_numt166	1	1	1	1	1	1	1	1	1	1	1	1	1	1	1	1	1	1	1	1	1	1
mPonPyg2_numt167	1	1	1	0	1	1	1	1	1	1	1	1	1	1	1	1	1	1	1	1	1	1
mPonPyg2_numt168	1	1	1	0	1	1	1	1	1	1	1	1	1	1	1	1	1	1	1	1	1	1
mPonPyg2_numt169	1	1	1	0	1	1	1	1	1	1	1	1	1	1	1	1	1	1	1	1	1	1
mPonPyg2_numt170	0	0	0	1	1	1	1	1	1	1	1	1	1	1	1	1	1	1	1	1	1	1
mPonPyg2_numt171	0	0	0	0	1	1	1	1	1	1	1	1	1	1	1	1	1	1	1	1	1	1
mPonPyg2_numt172	0	0	0	0	1	1	1	1	1	1	1	1	1	1	0	1	1	1	1	1	1	1
mPonPyg2_numt173	0	0	0	0	1	1	1	1	1	1	1	1	1	1	1	1	1	1	1	1	1	1
mPonPyg2_numt174	0	0	0	0	1	1	1	1	1	1	1	1	1	1	1	1	1	1	1	1	1	1
mPonPyg2_numt175	0	0	0	0	1	1	1	1	1	1	1	1	1	1	1	1	1	1	1	1	1	1
mPonPyg2_numt176	1	1	1	1	1	1	1	1	1	1	1	1	1	1	1	1	1	1	1	1	1	1
mPonPyg2_numt177	0	0	0	0	1	1	1	1	1	1	1	1	1	1	1	1	1	1	1	1	1	1
mPonPyg2_numt178	0	0	0	0	1	1	1	1	1	1	1	1	1	1	1	1	1	1	1	1	1	1
mPonPyg2_numt179	0	0	0	0	1	1	1	1	1	1	1	1	1	1	1	1	1	1	1	1	1	1
mPonPyg2_numt180	0	0	0	0	1	1	1	1	1	1	1	1	1	1	1	1	1	1	1	1	1	1
mPonPyg2_numt181	0	0	0	0	1	1	1	1	1	1	1	1	1	1	1	1	1	1	1	1	1	1
mPonPyg2_numt182	0	0	0	0	1	1	1	1	1	1	1	1	1	1	1	1	1	1	1	1	1	1
mPonPyg2_numt183	0	0	0	0	1	1	1	1	1	1	1	1	1	1	1	1	1	1	1	1	1	1
mPonPyg2_numt184	1	0	0	1	1	1	1	1	1	1	1	1	1	1	1	1	1	1	1	1	1	1
mPonPyg2_numt185	1	1	1	1	1	1	1	1	1	1	1	1	1	1	1	1	1	1	1	1	1	1
mPonPyg2_numt186	1	1	1	1	1	1	1	1	1	1	1	1	1	1	1	1	1	1	1	1	1	1
mPonPyg2_numt187	1	1	1	1	1	1	1	1	1	1	1	1	1	1	1	1	1	1	1	1	1	1
mPonPyg2_numt188	1	1	1	1	1	1	1	1	1	1	1	1	1	1	1	1	1	1	1	1	1	1
mPonPyg2_numt189	0	0	0	0	1	1	1	1	1	1	1	1	1	1	1	1	1	1	1	1	1	1
mPonPyg2_numt190	0	0	0	0	1	1	1	1	1	1	1	1	1	1	1	1	1	1	1	1	1	1
mPonPyg2_numt191	1	0	0	1	1	1	1	1	1	1	1	1	1	1	1	1	1	1	1	1	1	1
mPonPyg2_numt192	1	1	1	1	1	1	1	1	1	1	1	1	1	1	1	1	1	1	1	1	1	1
mPonPyg2_numt193	0	0	0	0	1	1	NaN	NaN	NaN	NaN	NaN	NaN	NaN	NaN	NaN	NaN	NaN	NaN	NaN	NaN	NaN	NaN
mPonPyg2_numt194	0	0	0	0	1	1	1	1	1	1	1	1	1	1	1	1	1	1	1	1	1	1
mPonPyg2_numt195	0	0	0	0	1	1	1	1	1	1	1	1	1	1	1	1	1	1	1	1	1	1
mPonPyg2_numt196	0	0	0	0	1	1	1	1	1	1	1	1	1	1	1	1	1	1	1	1	1	1
mPonPyg2_numt197	1	1	1	1	0	1	1	1	1	1	1	1	1	1	1	1	1	1	1	1	1	1
mPonPyg2_numt198	0	0	0	0	0	1	1	1	1	1	1	1	1	1	0	1	0	1	1	0	1	0
mPonPyg2_numt199	1	1	0	1	1	1	1	1	1	1	1	1	1	1	1	1	1	1	1	1	1	1
mPonPyg2_numt200	0	0	0	0	1	1	1	1	1	1	1	1	1	1	1	1	1	1	1	1	1	1
mPonPyg2_numt201	1	1	0	1	1	1	1	1	1	1	1	1	1	1	1	1	1	1	1	1	1	1
mPonPyg2_numt202	0	0	0	0	0	1	1	1	1	1	1	1	1	1	1	1	1	1	1	1	1	1
mPonPyg2_numt203	1	1	1	1	1	1	1	1	1	1	1	1	1	1	1	1	1	1	1	1	1	1
mPonPyg2_numt204	1	1	1	1	1	1	1	1	1	1	1	1	1	1	1	1	1	1	1	1	1	1
mPonPyg2_numt205	1	1	1	1	1	1	1	1	1	1	1	1	1	1	1	1	1	1	1	1	1	1
mPonPyg2_numt206	0	0	0	0	1	1	1	1	1	1	1	1	1	1	1	1	1	1	1	1	1	1
mPonPyg2_numt207	0	0	0	0	1	1	1	1	1	1	1	1	1	1	1	1	1	1	1	1	1	1
mPonPyg2_numt208	1	1	1	1	1	1	1	1	1	1	1	1	1	1	1	1	1	1	1	1	1	1
mPonPyg2_numt209	1	1	1	1	1	1	1	1	1	1	1	1	1	1	1	1	1	1	1	1	1	1
mPonPyg2_numt210	0	0	0	0	1	1	1	1	1	1	1	1	1	1	1	1	1	1	1	1	1	1
mPonPyg2_numt211	NaN	NaN	NaN	NaN	NaN	NaN	1	1	1	1	1	1	1	1	1	1	1	1	1	1	1	1
mPonPyg2_numt212	0	0	0	1	1	1	1	1	1	1	1	1	1	1	1	1	1	1	1	1	1	1
mPonPyg2_numt213	0	0	0	0	1	1	1	1	1	1	1	1	1	1	1	1	1	1	1	1	1	1
mPonPyg2_numt214	0	0	0	0	1	1	1	1	1	1	1	1	1	1	1	1	1	1	1	1	1	1
mPonPyg2_numt215	0	0	0	0	1	1	1	1	1	1	1	1	1	1	1	1	1	1	1	1	1	1
mPonPyg2_numt216	0	0	0	0	1	1	1	1	1	1	1	1	1	1	1	1	1	1	1	1	1	1
mPonPyg2_numt217	NaN	NaN	NaN	NaN	NaN	NaN	1	1	1	1	1	1	1	1	1	1	1	1	1	1	1	1
mPonPyg2_numt218	0	0	0	0	1	1	1	1	1	1	1	1	1	1	1	1	1	1	1	1	1	1
mPonPyg2_numt219	1	0	1	1	1	1	1	1	1	1	1	1	1	1	1	1	1	1	1	1	1	1
mPonPyg2_numt220	1	0	1	1	1	1	1	1	1	1	1	1	1	1	1	1	1	1	1	1	1	1
mPonPyg2_numt221	1	1	0	0	1	1	1	1	1	1	1	1	1	1	0	1	1	1	1	1	1	1
mPonPyg2_numt222	1	1	1	1	1	1	1	1	1	1	1	1	1	1	1	1	1	1	1	1	1	1
mPonPyg2_numt223	1	1	1	0	1	1	1	1	1	1	1	1	1	1	1	1	1	1	1	1	1	1
mPonPyg2_numt224	0	1	1	1	1	1	1	1	1	1	1	1	1	1	1	1	1	1	1	1	1	1
mPonPyg2_numt225	1	1	1	0	1	1	1	1	1	1	1	1	1	1	1	1	1	1	0	1	1	1
mPonPyg2_numt226	0	1	1	0	1	1	1	1	1	1	1	1	1	1	1	1	1	1	1	1	1	1
mPonPyg2_numt227	0	1	1	0	1	1	1	1	1	1	1	1	1	1	1	1	1	1	1	1	1	1
mPonPyg2_numt228	0	1	1	0	1	1	1	1	1	1	1	1	1	1	1	1	1	1	1	1	1	1
mPonPyg2_numt229	0	1	1	0	1	1	1	1	1	1	1	1	1	1	1	1	1	1	1	1	1	1
mPonPyg2_numt230	0	1	1	0	1	1	1	1	1	1	1	1	1	1	1	1	1	1	1	1	1	1
mPonPyg2_numt231	0	1	1	0	1	1	1	1	1	1	1	1	1	1	1	1	1	1	1	1	1	1
mPonPyg2_numt232	0	1	1	0	1	1	1	1	1	1	1	1	1	1	1	1	1	1	1	1	1	1
mPonPyg2_numt233	0	1	1	0	1	1	1	1	1	1	1	1	1	1	1	1	1	1	1	1	1	1
mPonPyg2_numt234	0	0	0	0	1	1	1	1	1	1	1	1	1	1	1	1	1	1	1	1	1	1
mPonPyg2_numt235	1	1	0	1	1	1	1	1	1	1	1	1	1	1	1	1	1	1	1	1	1	1
mPonPyg2_numt236	0	0	0	0	1	1	1	1	1	1	1	1	1	1	1	1	1	1	1	1	1	1
mPonPyg2_numt237	0	0	0	0	1	1	1	0	1	0	1	1	0	0	1	0	1	1	0	1	1	0
mPonPyg2_numt238	1	1	0	1	1	1	1	1	1	1	1	1	1	1	1	1	1	1	1	1	1	1
mPonPyg2_numt239	0	0	0	0	1	1	NaN	NaN	NaN	NaN	NaN	NaN	NaN	NaN	NaN	NaN	NaN	NaN	NaN	NaN	NaN	NaN
mPonPyg2_numt240	0	0	0	0	1	1	1	1	1	1	1	1	1	1	1	1	1	1	1	1	1	1
mPonPyg2_numt241	0	0	0	0	1	1	1	1	1	0	1	0	0	0	1	1	1	1	0	1	1	0
mPonPyg2_numt242	0	0	0	0	1	1	1	1	1	1	1	1	1	1	1	1	1	1	1	1	1	1
mPonPyg2_numt243	0	0	0	0	1	1	1	1	1	1	1	1	1	1	1	1	1	1	1	1	1	1
mPonPyg2_numt244	0	0	1	1	1	1	1	1	1	1	1	1	1	1	1	1	1	1	1	1	1	1
mPonPyg2_numt245	1	1	0	1	1	1	1	1	1	1	1	1	1	1	1	1	1	1	1	1	1	1
mPonPyg2_numt246	0	0	0	0	1	1	NaN	NaN	NaN	NaN	NaN	NaN	NaN	NaN	NaN	NaN	NaN	NaN	NaN	NaN	NaN	NaN
mPonPyg2_numt247	1	1	0	1	1	1	1	1	1	1	1	1	1	1	1	1	1	1	1	1	1	1
mPonPyg2_numt248	0	0	0	0	1	1	1	1	1	0	1	0	0	0	0	1	1	1	0	1	1	1
mPonPyg2_numt249	1	1	0	1	1	1	1	1	1	1	1	1	1	1	1	1	1	1	1	1	1	1
mPonPyg2_numt250	0	0	0	0	1	1	1	1	1	1	1	1	1	1	0	1	1	0	1	1	1	1
mPonPyg2_numt251	0	0	0	0	1	1	1	1	1	1	1	1	1	1	1	1	1	1	1	1	1	1
mPonPyg2_numt252	0	0	0	0	1	1	1	1	1	0	1	0	0	0	0	1	1	1	0	1	1	0
mPonPyg2_numt253	1	1	0	1	1	1	1	1	1	1	1	1	1	1	1	1	1	1	1	1	1	1
mPonPyg2_numt254	0	0	0	0	1	1	1	1	1	1	0	1	1	1	0	1	1	0	1	1	0	1
mPonPyg2_numt255	1	1	0	1	1	1	1	1	1	1	1	1	1	1	1	1	1	1	1	1	1	1
mPonPyg2_numt256	0	0	0	0	1	1	1	1	1	1	1	0	0	0	1	1	1	1	1	1	1	0
mPonPyg2_numt257	1	1	0	1	1	1	1	1	1	1	1	1	1	1	1	1	1	1	1	1	1	1
mPonPyg2_numt258	0	0	0	0	1	1	1	1	1	1	1	1	1	1	1	1	1	1	1	1	1	1
mPonPyg2_numt259	1	1	0	1	1	1	1	1	1	1	1	1	1	1	1	1	1	1	1	1	1	1
mPonPyg2_numt260	0	0	0	0	1	1	1	0	1	1	0	0	0	0	1	1	1	1	1	1	0	1
mPonPyg2_numt261	0	0	0	0	1	1	1	1	1	1	1	1	1	1	1	1	1	1	1	1	1	1
mPonPyg2_numt262	0	0	1	0	1	1	1	1	1	1	1	1	1	1	1	1	1	1	1	1	1	1
mPonPyg2_numt263	0	0	1	0	1	1	1	1	1	1	1	1	1	1	1	1	1	1	1	1	1	1
mPonPyg2_numt264	0	0	0	1	1	1	1	1	1	1	1	1	1	1	1	1	1	1	1	1	1	1
mPonPyg2_numt265	1	1	1	0	1	1	1	1	1	1	1	1	1	1	1	1	1	1	1	1	1	1
mPonPyg2_numt266	1	1	1	0	1	1	1	1	1	1	1	1	1	1	1	1	1	1	1	1	1	1
mPonPyg2_numt267	1	1	0	1	1	1	NaN	NaN	NaN	NaN	NaN	NaN	NaN	NaN	NaN	NaN	NaN	NaN	NaN	NaN	NaN	NaN
mPonPyg2_numt268	1	1	0	1	1	1	1	1	1	1	1	1	1	1	1	1	1	1	1	1	1	1
mPonPyg2_numt269	1	1	0	0	1	1	1	1	1	1	1	1	1	1	1	1	1	1	1	1	1	1
mPonPyg2_numt270	0	1	0	0	1	1	1	1	1	1	1	1	1	1	1	1	1	1	1	1	1	1
mPonPyg2_numt271	1	1	0	0	1	1	1	1	1	1	1	1	1	1	1	1	1	1	1	1	1	1
mPonPyg2_numt272	1	1	0	0	1	1	1	1	1	1	1	1	1	1	1	1	1	1	1	1	1	1
mPonPyg2_numt273	0	0	0	0	1	1	1	1	1	1	1	1	1	1	1	1	1	1	1	1	1	1
mPonPyg2_numt274	0	1	0	0	1	1	1	1	1	1	1	1	1	1	1	1	1	1	1	1	1	1
mPonPyg2_numt275	1	1	0	0	1	1	1	1	1	1	1	1	1	1	1	1	1	1	1	1	1	1
mPonPyg2_numt276	1	1	0	1	1	1	1	1	1	1	1	1	1	1	1	1	1	1	1	1	1	1
mPonPyg2_numt277	0	1	0	1	1	1	1	1	1	1	1	1	1	1	1	1	1	1	1	1	1	1
mPonPyg2_numt278	0	0	0	0	1	1	1	1	1	1	1	1	1	1	0	1	1	1	1	1	1	1
mPonPyg2_numt279	0	0	0	0	1	1	1	1	1	1	1	1	1	1	0	1	1	1	1	1	1	1
mPonPyg2_numt280	1	0	0	1	1	1	1	1	1	1	1	1	1	1	1	1	1	1	1	1	1	1
mPonPyg2_numt281	1	1	0	1	1	1	1	1	1	1	1	1	1	1	1	1	1	1	1	1	1	1
mPonPyg2_numt282	1	1	0	1	1	1	1	1	1	1	1	1	1	1	1	1	1	1	1	1	1	1
mPonPyg2_numt283	0	0	0	0	1	1	1	1	1	1	1	1	1	1	1	1	1	1	1	1	1	1
mPonPyg2_numt284	1	0	0	1	1	1	1	1	1	1	1	1	1	1	1	1	1	1	1	1	1	1
mPonPyg2_numt285	1	1	0	1	1	1	1	1	1	1	1	1	1	1	1	1	1	1	1	1	1	1
mPonPyg2_numt286	0	0	0	0	1	1	1	1	1	1	1	1	1	1	1	1	1	1	1	1	1	1
mPonPyg2_numt287	1	1	0	1	1	1	1	1	1	1	1	1	1	1	1	1	1	1	1	1	1	1
mPonPyg2_numt288	1	1	0	1	1	1	1	1	1	1	1	1	1	1	1	1	1	1	1	1	1	1
mPonPyg2_numt289	1	1	0	1	1	1	1	1	1	1	1	1	1	1	1	1	1	1	1	1	1	1
mPonPyg2_numt290	1	1	0	1	1	1	1	1	1	1	1	1	1	1	1	1	1	1	1	1	1	1
mPonPyg2_numt291	1	1	0	1	1	1	1	1	1	1	1	1	1	1	1	1	1	1	1	1	1	1
mPonPyg2_numt292	1	1	0	1	1	1	1	1	1	1	1	1	1	1	1	1	1	1	1	1	1	1
mPonPyg2_numt293	1	1	0	1	1	1	1	1	1	1	1	1	1	1	1	1	1	1	1	1	1	1
mPonPyg2_numt294	1	1	0	1	1	1	1	1	1	1	1	1	1	1	1	1	1	1	1	1	1	1
mPonPyg2_numt295	1	1	0	1	1	1	1	1	1	1	1	1	1	1	1	1	1	1	1	1	1	1
mPonPyg2_numt296	1	1	0	1	1	1	1	1	1	1	1	1	1	1	1	1	1	1	1	1	1	1
mPonPyg2_numt297	1	1	0	1	1	1	1	1	1	1	1	1	1	1	1	1	1	1	1	1	1	1
mPonPyg2_numt298	1	1	0	1	1	1	1	1	1	1	1	1	1	1	1	1	1	1	1	1	1	1
mPonPyg2_numt299	1	1	0	1	1	1	1	1	1	1	1	1	1	1	1	1	1	1	1	1	1	1
mPonPyg2_numt300	1	1	0	1	1	1	1	1	1	1	1	1	1	1	1	1	1	1	1	1	1	1
mPonPyg2_numt301	1	1	0	1	1	1	1	1	1	1	1	1	1	1	1	1	1	1	1	1	1	1
mPonPyg2_numt302	1	1	0	1	1	1	1	1	1	1	1	1	1	1	1	1	1	1	1	1	1	1
mPonPyg2_numt303	0	0	0	0	1	1	1	1	1	1	1	1	1	1	1	1	1	1	1	1	1	1
mPonPyg2_numt304	1	1	0	0	1	1	1	1	1	1	1	1	1	1	1	1	1	1	1	1	1	1
mPonPyg2_numt305	0	0	0	0	1	1	1	1	1	1	1	1	1	1	1	1	1	1	1	1	1	1
mPonPyg2_numt306	0	0	0	0	1	1	1	1	1	1	1	1	1	1	1	1	1	1	1	1	1	1
mPonPyg2_numt307	0	0	0	0	0	1	1	1	1	1	1	1	1	1	1	1	1	1	1	1	1	1
mPonPyg2_numt308	1	1	0	1	1	1	1	1	1	1	1	1	1	1	1	1	1	1	1	1	1	1
mPonPyg2_numt309	0	0	0	0	1	1	1	1	1	1	1	1	1	1	1	1	1	1	1	1	1	1
mPonPyg2_numt310	1	1	0	1	1	1	1	1	1	1	1	1	1	1	1	1	1	1	1	1	1	1
mPonPyg2_numt311	0	0	0	0	1	1	1	1	1	1	1	1	1	1	0	1	1	1	1	1	1	1
mPonPyg2_numt312	1	0	0	1	1	1	1	1	1	1	1	1	1	1	1	1	1	1	1	1	1	1
mPonPyg2_numt313	1	1	0	0	1	1	1	1	1	1	1	1	1	1	1	1	1	1	1	1	1	0
mPonPyg2_numt314	1	1	1	1	1	1	1	1	1	1	1	1	1	1	1	1	1	1	1	1	1	1
mPonPyg2_numt315	0	0	0	0	1	1	1	1	1	1	1	1	1	1	1	1	1	1	1	1	1	1
mPonPyg2_numt316	1	1	1	1	1	1	1	1	1	1	1	1	1	1	1	1	1	1	1	1	1	1
mPonPyg2_numt317	1	1	1	1	1	1	1	1	1	1	1	1	1	1	1	1	1	1	1	1	1	1
mPonPyg2_numt318	1	1	1	1	1	1	1	1	1	1	1	1	1	1	1	1	1	1	1	1	1	1
mPonPyg2_numt319	1	1	1	1	1	1	1	1	1	1	1	1	1	1	1	1	1	1	1	1	1	1
mPonPyg2_numt320	1	1	1	1	0	1	1	1	1	1	1	1	1	1	1	1	1	1	1	1	1	1
mPonPyg2_numt321	1	1	0	0	1	1	1	1	1	1	1	1	1	1	1	1	1	1	1	1	1	1
mPonPyg2_numt322	NaN	NaN	NaN	NaN	NaN	NaN	1	1	1	1	1	1	1	1	1	1	1	1	1	1	1	1
mPonPyg2_numt323	0	0	0	0	1	1	1	1	1	1	1	1	1	1	1	1	1	1	1	1	1	1
mPonPyg2_numt324	0	0	0	0	1	1	1	1	1	1	1	1	1	1	1	1	1	1	1	1	1	1
mPonPyg2_numt325	0	0	0	0	1	1	1	1	1	1	1	1	1	1	1	1	1	1	1	1	1	1
mPonPyg2_numt326	0	0	0	1	1	1	1	1	1	1	1	1	1	1	1	1	1	1	1	1	1	1
mPonPyg2_numt327	1	1	1	1	1	1	1	1	1	1	1	1	1	1	1	1	1	1	1	1	1	1
mPonPyg2_numt328	1	1	1	1	1	1	1	1	1	1	1	1	1	1	1	1	1	1	1	1	1	1
mPonPyg2_numt329	1	1	1	1	1	1	1	1	1	1	1	1	1	1	1	1	1	1	1	1	1	1
mPonPyg2_numt330	0	0	0	0	1	1	1	1	1	1	1	1	1	1	1	1	1	1	1	1	1	1
mPonPyg2_numt331	0	0	0	0	1	1	1	1	1	1	1	1	1	1	1	1	1	1	1	1	1	1
mPonPyg2_numt332	1	1	1	1	1	1	1	1	1	1	1	1	1	1	1	1	1	1	1	1	1	1
mPonPyg2_numt333	0	0	0	0	1	1	1	1	1	1	1	1	1	1	1	1	1	1	1	1	1	1
mPonPyg2_numt334	1	1	1	1	1	1	1	1	1	1	1	1	1	1	1	1	1	1	1	1	1	1
mPonPyg2_numt335	0	1	1	1	1	1	1	1	1	1	1	1	1	1	1	1	1	1	1	1	1	1
mPonPyg2_numt336	0	0	0	0	1	1	1	1	1	1	1	1	1	1	1	1	1	1	1	1	1	1
mPonPyg2_numt337	0	0	0	0	1	1	1	1	1	1	1	1	1	1	1	1	1	1	1	1	1	1
mPonPyg2_numt338	1	1	1	1	1	1	1	1	1	1	1	1	1	1	1	1	1	1	1	1	1	1
mPonPyg2_numt339	0	0	0	0	1	1	1	1	1	1	1	1	1	1	1	1	1	1	1	1	1	1
mPonPyg2_numt340	0	0	0	0	1	1	1	1	1	1	1	1	1	1	1	1	1	1	1	1	1	1
mPonPyg2_numt341	0	0	0	0	1	1	1	1	1	1	1	1	1	1	1	1	1	1	1	1	1	1
mPonPyg2_numt342	0	0	0	0	1	1	1	1	1	1	1	1	1	1	1	1	1	1	1	1	1	1
mPonPyg2_numt343	0	0	0	0	1	1	1	1	1	1	1	1	1	1	1	1	1	1	1	1	1	1
mPonPyg2_numt344	0	0	0	0	1	1	1	1	1	1	1	1	1	1	1	1	1	1	1	1	1	1
mPonPyg2_numt345	1	1	1	1	1	1	1	1	1	1	1	1	1	1	1	1	1	1	1	1	1	1
mPonPyg2_numt346	1	1	1	1	1	1	1	1	1	1	1	1	1	1	1	1	1	1	1	1	1	1
mPonPyg2_numt347	1	1	1	1	1	1	1	1	1	1	1	1	1	1	1	1	1	1	1	1	1	1
mPonPyg2_numt348	1	1	1	1	1	1	1	1	1	1	1	1	1	1	1	1	1	1	1	1	1	1
mPonPyg2_numt349	1	1	0	1	1	1	1	1	1	1	1	1	1	1	1	1	1	1	1	1	1	1
mPonPyg2_numt350	NaN	NaN	NaN	NaN	NaN	NaN	1	1	1	1	1	1	1	1	1	1	1	1	1	1	1	1
mPonPyg2_numt351	0	0	1	0	1	1	1	1	1	1	1	1	1	1	1	1	1	1	1	1	1	1
mPonPyg2_numt352	NaN	NaN	NaN	NaN	NaN	NaN	1	1	1	1	1	1	1	1	1	1	1	1	1	1	1	1
mPonPyg2_numt353	1	1	1	0	1	1	1	1	1	1	1	1	1	1	1	1	1	1	1	1	1	1
mPonPyg2_numt354	0	0	0	0	1	1	1	1	1	1	1	1	1	1	1	1	1	1	1	1	1	1
mPonPyg2_numt355	1	1	1	1	1	1	1	1	1	1	1	1	1	1	0	1	1	1	1	1	1	1
mPonPyg2_numt356	1	1	1	1	1	1	1	1	1	1	1	1	1	1	1	1	1	1	1	1	1	1
mPonPyg2_numt357	1	1	1	1	1	1	1	1	1	1	1	1	1	1	1	1	1	1	1	1	1	1
mPonPyg2_numt358	0	0	0	0	0	1	1	1	1	1	1	1	1	1	1	1	1	1	1	1	1	1
mPonPyg2_numt359	1	1	1	0	1	1	1	1	1	1	1	1	1	1	1	1	1	1	1	1	1	1
mPonPyg2_numt360	1	1	0	0	1	1	1	1	1	1	1	1	1	1	1	1	1	1	1	1	1	1
mPonPyg2_numt361	0	0	0	0	1	1	1	1	1	1	1	1	1	1	1	1	1	1	1	1	1	1
mPonPyg2_numt362	1	1	1	0	1	1	1	1	1	1	1	1	1	1	1	1	1	1	1	1	1	1
mPonPyg2_numt363	0	0	1	0	1	1	1	1	1	1	1	1	1	1	1	1	1	1	1	1	1	1
mPonPyg2_numt364	0	0	0	0	1	1	1	1	1	1	1	1	1	1	1	1	1	1	1	1	1	1
mPonPyg2_numt365	0	0	0	0	1	1	1	1	1	1	1	1	1	1	1	1	1	1	1	1	1	1
mPonPyg2_numt366	0	0	0	0	1	1	1	1	1	1	1	1	1	1	1	1	1	1	1	1	1	1
mPonPyg2_numt367	0	0	0	0	1	1	1	1	1	1	1	1	1	1	1	1	1	1	1	1	1	1
mPonPyg2_numt368	0	0	0	0	1	1	1	1	1	1	1	1	1	1	1	1	1	1	1	1	1	1
mPonPyg2_numt369	1	1	1	1	1	1	1	1	1	1	1	1	1	1	1	1	1	1	1	1	1	1
mPonPyg2_numt370	0	0	0	0	1	1	1	1	1	1	1	1	1	1	1	1	1	1	1	1	1	1
mPonPyg2_numt371	0	0	1	1	1	1	1	1	1	1	1	1	1	1	1	1	1	1	1	1	1	1
mPonPyg2_numt372	0	0	0	1	1	1	1	1	1	1	1	1	1	1	1	1	1	1	1	1	1	1
mPonPyg2_numt373	0	0	1	1	1	1	1	1	1	1	1	1	1	1	1	1	1	1	1	1	1	1
mPonPyg2_numt374	0	0	1	1	1	1	1	1	1	1	1	1	1	1	1	1	1	1	1	1	1	1
mPonPyg2_numt375	0	0	1	1	1	1	1	1	1	1	1	1	1	1	1	1	1	1	1	1	1	1
mPonPyg2_numt376	0	0	1	1	1	1	1	1	1	1	1	1	1	1	1	1	1	1	1	1	1	1
mPonPyg2_numt377	1	1	1	1	1	1	1	1	1	1	1	1	1	1	1	1	1	1	1	1	1	1
mPonPyg2_numt378	1	1	1	1	1	1	1	1	1	1	1	1	1	1	1	1	1	1	1	1	1	1
mPonPyg2_numt379	0	0	0	0	1	1	1	1	1	1	1	1	1	1	1	1	1	1	1	1	1	1
mPonPyg2_numt380	0	0	0	0	0	1	1	1	1	1	1	1	1	1	1	1	1	1	1	1	1	1
mPonPyg2_numt381	0	0	0	0	0	1	1	1	1	1	1	1	1	1	1	1	1	1	1	1	1	1
mPonPyg2_numt382	0	0	0	1	0	1	1	1	1	1	1	1	1	1	1	1	1	1	1	1	1	1
mPonPyg2_numt383	1	1	1	1	0	1	1	1	1	1	1	1	1	1	1	1	1	1	1	1	1	1
mPonPyg2_numt384	0	0	0	0	0	1	1	1	1	1	1	1	1	1	1	1	1	1	1	1	1	1
mPonPyg2_numt385	0	0	0	0	0	1	1	1	1	1	1	1	1	1	1	1	1	1	1	1	1	1
mPonPyg2_numt386	1	1	1	1	0	1	1	1	1	1	1	1	1	1	1	1	1	1	1	1	1	1
mPonPyg2_numt387	NaN	NaN	NaN	NaN	NaN	NaN	1	1	1	1	1	1	1	1	1	1	1	1	1	1	1	1
mPonPyg2_numt388	0	0	0	0	0	1	NaN	NaN	NaN	NaN	NaN	NaN	NaN	NaN	NaN	NaN	NaN	NaN	NaN	NaN	NaN	NaN
mPonPyg2_numt389	1	1	1	1	0	1	1	1	1	1	1	1	1	1	1	1	1	1	1	1	1	1
mPonPyg2_numt390	0	0	0	1	0	1	1	1	1	1	1	1	1	1	1	1	1	1	1	1	1	1
mPonPyg2_numt391	1	1	1	1	0	1	1	1	1	1	1	1	1	1	1	1	1	1	0	1	1	1
mPonPyg2_numt392	0	0	0	0	1	1	1	1	1	1	1	1	1	1	1	1	1	1	1	1	1	1
mPonPyg2_numt393	0	0	0	0	1	1	1	1	1	1	1	1	1	1	1	1	1	1	1	1	1	1
mPonPyg2_numt394	0	0	0	0	1	1	1	1	1	1	1	1	1	1	1	1	1	1	1	1	1	1
mPonPyg2_numt395	NaN	NaN	NaN	NaN	NaN	NaN	1	1	1	1	1	1	1	1	1	1	1	1	1	1	1	1
mPonPyg2_numt396	0	0	0	0	0	1	1	1	1	1	1	1	1	1	1	1	1	1	1	1	1	1
mPonPyg2_numt397	0	0	0	0	1	1	1	1	1	1	1	1	1	1	1	1	1	1	1	1	1	1
mPonPyg2_numt398	0	0	0	0	1	1	1	1	1	1	1	1	1	1	1	1	1	1	1	1	1	1
mPonPyg2_numt399	0	0	0	0	1	1	1	1	1	1	1	1	1	1	1	1	1	1	1	1	1	1
mPonPyg2_numt400	0	0	0	0	1	1	NaN	NaN	NaN	NaN	NaN	NaN	NaN	NaN	NaN	NaN	NaN	NaN	NaN	NaN	NaN	NaN
mPonPyg2_numt401	0	0	0	0	1	1	1	1	1	1	1	1	1	1	1	1	1	1	1	1	1	1
mPonPyg2_numt402	0	0	0	0	1	1	1	1	1	1	1	1	1	1	1	1	1	1	1	1	1	1
mPonPyg2_numt403	0	0	0	0	1	1	1	1	1	1	1	1	1	1	1	1	1	1	1	1	1	1
mPonPyg2_numt404	0	0	0	0	1	1	1	1	1	1	1	1	1	1	1	1	1	1	1	1	1	1
mPonPyg2_numt405	0	0	0	0	1	1	1	1	1	1	1	1	1	1	1	1	1	1	1	1	1	1
mPonPyg2_numt406	1	1	0	0	1	1	1	1	1	1	1	1	1	1	1	1	1	1	1	1	1	1
mPonPyg2_numt407	1	1	1	1	1	1	1	1	1	1	1	1	1	1	1	1	1	1	1	1	1	1
mPonPyg2_numt408	1	1	1	1	1	1	1	1	1	1	1	1	1	1	1	1	1	1	1	1	1	1
mPonPyg2_numt409	0	0	0	0	1	1	1	1	1	1	1	1	1	1	1	1	1	1	1	1	1	1
mPonPyg2_numt410	0	0	0	0	1	1	1	1	1	1	1	1	1	1	1	1	1	1	1	1	1	1
mPonPyg2_numt411	1	1	1	1	1	1	1	1	1	1	1	1	1	1	1	1	1	1	1	1	1	1
mPonPyg2_numt412	0	0	0	0	1	1	1	1	1	1	1	1	1	1	1	1	1	1	1	1	1	1
mPonPyg2_numt413	1	1	1	1	1	1	1	1	1	1	1	1	1	1	1	1	1	1	1	1	1	1
mPonPyg2_numt414	1	1	1	1	1	1	1	1	1	1	1	1	1	1	1	1	1	1	1	1	1	1
mPonPyg2_numt415	1	1	1	1	1	1	1	1	1	1	1	1	1	1	1	1	1	1	1	1	1	1
mPonPyg2_numt416	1	0	1	1	1	1	1	1	1	1	1	1	1	1	1	1	1	1	1	1	1	1
mPonPyg2_numt417	1	1	1	1	1	1	1	1	1	1	1	1	1	1	1	1	1	1	1	1	1	1
mPonPyg2_numt418	0	0	0	1	1	1	1	1	1	1	1	1	1	1	1	1	1	1	1	1	1	1
mPonPyg2_numt419	0	0	0	0	1	1	1	1	1	1	1	1	1	1	1	1	1	1	1	1	1	1
mPonPyg2_numt420	1	1	1	1	1	1	1	1	1	1	1	1	1	1	1	1	1	1	1	1	1	1
mPonPyg2_numt421	1	1	1	0	1	1	1	1	1	1	1	1	1	1	1	1	1	1	1	1	1	1
mPonPyg2_numt422	1	1	1	1	1	1	1	1	1	1	1	1	1	1	1	1	1	1	1	1	1	1
mPonPyg2_numt423	1	1	1	1	1	1	1	1	1	1	1	1	1	1	1	1	1	1	1	1	1	1
mPonPyg2_numt424	1	1	1	1	1	1	1	1	1	1	1	1	1	1	1	1	1	1	1	1	1	1
mPonPyg2_numt425	0	0	0	0	1	1	1	1	1	1	1	1	1	1	1	1	1	1	1	1	1	1
mPonPyg2_numt426	0	0	0	0	0	1	1	1	1	1	1	1	1	1	0	1	1	1	1	1	1	1
mPonPyg2_numt427	1	1	1	1	1	1	1	1	1	1	1	1	1	1	1	1	1	1	1	1	1	1
mPonPyg2_numt428	1	1	1	1	1	1	1	1	1	1	1	1	1	1	1	1	1	1	1	1	1	1
mPonPyg2_numt429	0	0	0	1	1	1	1	1	1	1	1	1	1	1	1	1	1	1	1	1	1	1
mPonPyg2_numt430	0	0	0	0	1	1	1	1	1	1	1	1	1	1	1	1	1	1	1	1	1	1
mPonPyg2_numt431	1	1	1	1	1	1	1	1	1	1	1	1	1	1	1	1	1	1	1	1	1	1
mPonPyg2_numt432	1	1	1	1	1	1	NaN	NaN	NaN	NaN	NaN	NaN	NaN	NaN	NaN	NaN	NaN	NaN	NaN	NaN	NaN	NaN
mPonPyg2_numt433	0	0	0	0	1	1	1	1	1	1	1	1	1	1	1	1	1	1	1	1	1	1
mPonPyg2_numt434	1	1	1	0	1	1	1	1	1	1	1	1	1	1	1	1	1	1	1	1	1	1
mPonPyg2_numt435	1	1	1	1	1	1	1	1	1	1	1	1	1	1	1	1	1	1	1	1	1	1
mPonPyg2_numt436	0	0	0	0	1	1	1	1	1	1	1	1	1	1	1	1	1	1	1	1	1	1
mPonPyg2_numt437	0	0	0	0	1	1	1	1	1	1	1	1	1	1	1	1	1	1	1	1	1	1
mPonPyg2_numt438	1	1	0	1	1	1	1	1	1	1	1	1	1	1	1	1	1	1	1	1	1	1
mPonPyg2_numt439	0	0	0	1	1	1	1	1	1	1	1	1	1	1	1	1	1	1	1	1	1	1
mPonPyg2_numt440	1	1	0	1	1	1	1	1	1	1	1	1	1	1	1	1	1	1	1	1	1	1
mPonPyg2_numt441	1	1	0	1	1	1	1	1	1	1	1	1	1	1	1	1	1	1	1	1	1	1
mPonPyg2_numt442	0	0	0	0	1	1	1	1	1	1	1	1	1	1	1	1	1	1	1	1	1	1
mPonPyg2_numt443	1	1	0	1	1	1	1	1	1	1	1	1	1	1	1	1	1	1	1	1	1	1
mPonPyg2_numt444	0	0	0	0	1	1	1	1	1	1	1	1	1	1	1	1	1	1	1	1	1	1
mPonPyg2_numt445	0	0	0	0	1	1	1	1	1	1	1	1	1	1	1	1	1	1	1	1	1	1
mPonPyg2_numt446	0	0	0	0	1	1	1	1	1	1	1	1	1	1	1	1	1	1	1	1	1	1
mPonPyg2_numt447	0	0	1	1	1	1	1	1	1	1	1	1	1	1	1	1	1	1	1	1	1	1
mPonPyg2_numt448	1	1	1	1	1	1	1	1	1	1	1	1	1	1	1	1	1	1	1	1	1	1
mPonPyg2_numt449	1	1	1	1	1	1	1	1	1	1	1	1	1	1	1	1	1	1	1	1	1	1
mPonPyg2_numt450	1	1	1	1	1	1	1	1	1	1	1	1	1	1	1	1	1	1	1	1	1	1
mPonPyg2_numt451	1	1	1	1	1	1	1	1	1	1	1	1	1	1	1	1	1	1	1	1	1	1
mPonPyg2_numt452	0	1	1	1	1	1	1	1	1	1	1	1	1	1	0	1	1	1	1	1	1	1
mPonPyg2_numt453	1	1	1	1	1	1	1	1	1	1	1	1	1	1	1	1	1	1	1	1	1	1
mPonPyg2_numt454	1	1	1	1	1	1	1	1	1	1	1	1	1	1	1	1	1	1	1	1	1	1
mPonPyg2_numt455	0	0	0	0	1	1	NaN	NaN	NaN	NaN	NaN	NaN	NaN	NaN	NaN	NaN	NaN	NaN	NaN	NaN	NaN	NaN
mPonPyg2_numt457	0	0	0	0	1	1	1	1	1	1	1	1	1	1	1	1	1	1	1	1	1	1
mPonPyg2_numt458	0	0	0	0	1	1	1	1	1	1	1	1	1	1	1	1	1	1	1	1	1	1
mPonPyg2_numt459	NaN	NaN	NaN	NaN	NaN	NaN	1	1	1	1	1	1	1	1	1	1	1	1	1	1	1	1
mPonPyg2_numt460	0	1	1	1	1	1	1	1	1	1	1	1	1	1	1	1	1	1	1	1	1	1
mPonPyg2_numt461	0	0	0	0	0	1	1	1	1	1	1	1	1	1	1	1	1	1	1	1	1	1
mPonPyg2_numt462	0	0	0	0	1	1	1	1	1	1	1	1	1	1	1	1	1	1	1	1	1	1
mPonPyg2_numt463	1	1	1	0	1	1	1	1	1	1	1	1	1	1	1	1	1	1	1	1	1	1
mPonPyg2_numt464	1	1	1	1	1	1	1	1	1	1	1	1	1	1	1	1	1	1	1	1	1	1
mPonPyg2_numt465	0	0	0	0	1	1	1	1	1	1	1	1	1	1	1	1	1	1	1	1	1	1
mPonPyg2_numt466	0	0	0	0	1	1	1	1	1	1	1	1	1	1	1	1	1	1	1	1	1	1
mPonPyg2_numt467	0	0	0	0	1	1	1	1	1	1	1	1	1	1	1	1	1	1	1	1	1	1
mPonPyg2_numt468	1	1	1	0	1	1	1	1	1	1	1	1	1	1	1	1	1	1	1	1	1	1
mPonPyg2_numt469	1	1	1	0	1	1	1	1	1	1	1	1	1	1	1	1	1	1	1	1	1	1
mPonPyg2_numt470	1	1	1	0	1	1	1	1	1	1	1	1	1	1	1	1	1	1	1	1	1	1
mPonPyg2_numt471	1	1	1	0	1	1	1	1	1	1	1	1	1	1	1	1	1	1	1	1	1	1
mPonPyg2_numt472	1	1	1	0	1	1	1	1	1	1	1	1	1	1	1	1	1	1	1	1	1	1
mPonPyg2_numt473	1	1	1	0	1	1	1	1	1	1	1	1	1	1	1	1	1	1	1	1	1	1
mPonPyg2_numt474	0	0	1	0	1	1	1	1	1	1	1	1	1	1	1	1	1	1	1	1	1	1
mPonPyg2_numt475	0	0	0	0	1	1	1	1	1	1	1	1	1	1	1	1	1	1	1	1	1	1
mPonPyg2_numt476	0	0	0	0	1	1	1	1	1	1	1	1	1	1	1	1	1	1	1	1	1	1
mPonPyg2_numt477	0	0	1	1	1	1	1	1	1	1	1	1	1	1	1	1	1	1	1	1	1	1
mPonPyg2_numt478	NaN	NaN	NaN	NaN	NaN	NaN	1	1	1	1	1	1	1	1	1	1	1	1	1	1	1	1
mPonPyg2_numt479	0	0	1	0	1	1	1	1	1	1	1	1	1	1	1	1	1	1	1	1	1	1
mPonPyg2_numt480	0	0	1	0	1	1	1	1	1	1	1	1	1	1	1	1	1	1	1	1	1	1
mPonPyg2_numt481	0	0	1	0	1	1	1	1	1	1	1	1	1	1	1	1	1	1	1	1	1	1
mPonPyg2_numt482	0	0	1	0	1	1	1	1	1	1	1	1	1	1	1	1	1	1	1	1	1	1
mPonPyg2_numt483	0	0	0	0	1	1	1	1	1	1	1	1	1	1	1	1	1	1	1	1	1	1
mPonPyg2_numt484	0	0	1	1	1	1	1	1	1	1	1	1	1	1	1	1	1	1	1	1	1	1
mPonPyg2_numt485	1	1	1	1	1	1	1	1	1	1	1	1	1	1	1	1	1	1	1	1	1	1
mPonPyg2_numt486	1	1	1	1	1	1	1	1	1	1	0	1	1	0	0	1	1	1	1	1	1	1
mPonPyg2_numt487	1	1	1	1	1	1	1	1	1	1	1	1	1	1	1	1	1	1	1	1	1	1
mPonPyg2_numt488	0	0	0	0	1	1	1	1	1	1	1	1	1	1	1	1	1	1	1	1	1	1
mPonPyg2_numt489	0	0	0	0	1	1	1	1	1	1	1	1	1	1	1	1	1	1	1	1	1	1
mPonPyg2_numt490	1	1	1	1	1	1	1	1	1	1	1	1	1	1	1	1	1	1	1	1	1	1
mPonPyg2_numt491	1	1	1	1	1	1	1	1	1	1	1	1	1	1	1	1	1	1	1	1	1	1
mPonPyg2_numt492	1	1	1	1	1	1	1	1	1	1	1	1	1	1	1	1	1	1	1	1	1	1
mPonPyg2_numt493	1	1	1	1	1	1	1	1	1	1	1	1	1	1	1	1	1	1	1	1	1	1
mPonPyg2_numt494	NaN	NaN	NaN	NaN	NaN	NaN	1	1	1	1	1	1	1	1	1	1	1	1	1	1	1	1
mPonPyg2_numt495	0	0	0	0	1	1	1	1	1	1	1	1	1	1	1	1	1	1	1	1	1	1
mPonPyg2_numt496	0	0	0	0	1	1	1	1	1	1	1	1	1	1	1	1	1	1	1	1	1	1
mPonPyg2_numt497	0	0	0	0	1	1	1	1	1	1	1	1	1	1	1	1	1	1	1	1	1	1
mPonPyg2_numt498	0	0	0	0	1	1	1	1	1	1	1	1	1	1	1	1	1	1	1	1	1	1
mPonPyg2_numt499	NaN	NaN	NaN	NaN	NaN	NaN	1	1	1	1	1	1	1	1	1	1	1	1	1	1	1	1
mPonPyg2_numt500	NaN	NaN	NaN	NaN	NaN	NaN	1	1	1	1	1	1	1	1	1	1	1	1	1	1	1	1
mPonPyg2_numt501	NaN	NaN	NaN	NaN	NaN	NaN	1	1	1	1	1	1	1	1	1	1	1	1	1	1	1	1
mPonPyg2_numt502	1	1	1	1	1	1	1	1	1	1	1	1	1	1	1	1	1	1	1	1	1	1
mPonPyg2_numt503	0	0	0	0	1	1	1	1	1	1	1	1	1	1	1	1	1	1	1	1	1	1
mPonPyg2_numt504	1	1	1	1	1	1	1	1	1	1	1	1	1	1	1	1	1	1	1	1	1	1
mPonPyg2_numt505	1	1	1	1	1	1	1	1	1	1	1	1	1	1	1	1	1	1	1	1	1	1
mPonPyg2_numt506	0	1	1	1	1	1	1	1	1	1	1	1	1	1	1	1	1	1	1	1	1	1
mPonPyg2_numt507	1	1	1	1	1	1	1	1	1	1	1	1	1	1	1	1	1	1	1	1	1	1
mPonPyg2_numt508	1	1	1	1	1	1	1	1	1	1	1	1	1	1	1	1	1	1	1	1	1	1
mPonPyg2_numt509	1	1	1	1	1	1	1	1	1	1	1	1	1	1	1	1	1	1	1	1	1	1
mPonPyg2_numt510	0	0	0	0	1	1	1	1	1	1	1	1	1	1	1	1	1	1	1	1	1	1
mPonPyg2_numt511	0	0	0	0	1	1	1	1	1	1	1	1	1	1	1	1	1	1	1	1	1	1
mPonPyg2_numt512	1	1	1	1	1	1	1	1	1	1	1	1	1	1	1	1	1	1	1	1	1	1
mPonPyg2_numt513	0	0	1	1	1	1	1	1	1	1	1	1	1	1	1	1	1	1	1	1	1	1
mPonPyg2_numt514	0	0	0	0	1	1	1	1	1	1	1	1	1	1	1	1	1	1	1	1	1	1
mPonPyg2_numt515	0	0	0	0	1	1	1	1	1	1	1	1	1	1	0	1	1	1	1	1	1	1
mPonPyg2_numt516	NaN	NaN	NaN	NaN	NaN	NaN	1	1	1	1	1	1	1	1	1	1	1	1	1	1	1	1
mPonPyg2_numt517	0	0	0	0	0	1	1	1	1	1	1	1	1	1	1	1	1	1	1	1	1	1
mPonPyg2_numt518	0	0	0	0	1	1	1	1	1	1	1	1	1	1	1	1	1	1	1	1	1	1
mPonPyg2_numt519	0	0	0	0	0	1	1	1	1	1	1	1	1	1	1	1	1	1	1	1	1	1
mPonPyg2_numt520	NaN	NaN	NaN	NaN	NaN	NaN	1	1	1	1	1	1	1	1	1	1	1	1	1	1	1	1
mPonPyg2_numt521	0	0	0	0	1	1	1	1	1	1	1	1	1	1	1	1	1	1	1	1	1	1
mPonPyg2_numt522	NaN	NaN	NaN	NaN	NaN	NaN	1	1	1	1	1	1	1	1	1	1	1	1	1	1	1	1
mPonPyg2_numt523	0	0	0	0	1	1	1	1	1	1	1	1	1	1	1	1	1	1	1	1	1	1
mPonPyg2_numt524	1	1	1	1	1	1	1	1	1	1	1	1	1	1	1	1	1	1	1	1	1	1
mPonPyg2_numt525	0	0	0	0	1	1	1	1	1	1	1	1	1	1	1	1	1	1	1	1	1	1
mPonPyg2_numt526	1	1	1	1	1	1	1	1	1	1	1	1	1	1	1	1	1	1	1	1	1	1
mPonPyg2_numt527	1	1	1	1	1	1	1	1	1	1	1	1	1	1	1	1	1	1	1	1	1	1
mPonPyg2_numt528	1	1	1	1	1	1	1	1	1	1	1	1	1	1	1	1	1	1	1	1	1	1
mPonPyg2_numt529	0	0	1	0	1	1	1	1	1	1	1	1	1	1	1	1	1	1	1	1	1	1
mPonPyg2_numt530	1	1	1	1	1	1	1	1	1	1	1	1	1	1	1	1	1	1	1	1	1	1
mPonPyg2_numt531	1	1	1	1	1	1	1	1	1	1	1	1	1	1	1	1	1	1	1	1	1	1
mPonPyg2_numt532	1	1	1	1	1	1	1	1	1	1	1	1	1	1	1	1	1	1	1	1	1	1
mPonPyg2_numt533	0	0	0	0	1	1	1	1	1	1	1	1	1	1	1	1	1	1	1	1	1	1
mPonPyg2_numt534	NaN	NaN	NaN	NaN	NaN	NaN	1	1	1	1	1	1	1	1	1	1	1	1	1	1	1	1
mPonPyg2_numt535	1	1	1	0	1	1	1	1	1	1	1	1	1	1	1	1	1	1	1	1	1	1
mPonPyg2_numt536	0	0	0	0	1	1	1	1	1	1	1	1	1	1	1	1	1	1	1	1	1	1
mPonPyg2_numt537	1	0	1	1	1	1	1	1	1	1	1	1	1	1	1	1	1	1	1	1	1	1
mPonPyg2_numt538	0	0	0	0	1	1	1	1	1	1	1	1	1	1	1	1	1	1	1	1	1	1
mPonPyg2_numt539	0	0	0	0	1	1	1	1	1	1	1	1	1	1	0	1	1	1	1	1	1	1
mPonPyg2_numt540	0	0	0	0	1	1	1	1	1	1	1	1	1	1	1	1	1	1	1	1	1	1
mPonPyg2_numt541	0	1	1	1	1	1	1	1	1	1	1	1	1	1	1	1	1	1	1	1	1	1
mPonPyg2_numt542	0	0	0	0	1	1	1	1	1	1	1	1	1	1	1	1	1	1	1	1	1	1
mPonPyg2_numt543	0	0	0	0	1	1	1	1	1	1	1	1	1	1	1	1	1	1	1	1	1	1
mPonPyg2_numt544	0	1	1	1	1	1	NaN	NaN	NaN	NaN	NaN	NaN	NaN	NaN	NaN	NaN	NaN	NaN	NaN	NaN	NaN	NaN
mPonPyg2_numt545	0	1	1	1	1	1	1	1	1	1	1	1	1	1	1	1	1	1	1	1	1	1
mPonPyg2_numt546	0	1	1	1	1	1	1	1	1	1	1	1	1	1	1	1	1	1	1	1	1	1
mPonPyg2_numt547	0	0	1	1	1	1	1	1	1	1	1	1	1	1	1	1	1	1	1	1	1	1
mPonPyg2_numt548	0	0	0	0	1	1	1	1	1	1	1	1	1	1	1	1	1	1	1	1	1	1
mPonPyg2_numt549	0	0	0	0	1	1	1	1	1	1	1	1	1	1	1	1	1	1	1	1	1	1
mPonPyg2_numt550	0	0	0	0	1	1	1	1	1	1	1	1	1	1	1	1	1	1	1	1	1	1
mPonPyg2_numt551	0	0	0	0	1	1	1	1	1	1	1	1	1	1	0	1	1	1	1	1	1	1
mPonPyg2_numt552	0	0	0	0	1	1	1	1	1	1	1	1	1	1	0	1	1	1	1	1	1	1
mPonPyg2_numt553	0	0	0	0	1	1	1	1	1	1	1	1	1	1	1	1	1	1	1	1	1	1
mPonPyg2_numt554	NaN	NaN	NaN	NaN	NaN	NaN	1	1	1	1	1	1	1	1	1	1	1	1	1	1	1	1
mPonPyg2_numt555	1	1	1	1	1	1	1	1	1	1	1	1	1	1	1	1	1	1	1	1	1	1
mPonPyg2_numt556	0	0	0	0	0	1	1	1	1	1	1	1	1	1	1	1	1	1	1	1	1	0
mPonPyg2_numt557	NaN	NaN	NaN	NaN	NaN	NaN	1	1	1	1	1	1	1	1	1	1	1	1	1	1	1	1
mPonPyg2_numt558	1	1	1	1	1	1	1	1	1	1	1	1	1	1	1	1	1	1	1	1	1	1
mPonPyg2_numt559	0	0	1	1	1	1	1	1	1	1	1	1	1	1	1	1	1	1	1	1	1	1
mPonPyg2_numt560	NaN	NaN	NaN	NaN	NaN	NaN	1	1	1	1	1	1	1	1	1	1	1	1	1	1	1	1
mPonPyg2_numt561	NaN	NaN	NaN	NaN	NaN	NaN	1	1	1	1	1	1	1	1	1	1	1	1	1	1	1	1
mPonPyg2_numt562	0	0	0	0	1	1	1	1	1	1	1	1	1	1	1	1	1	1	1	1	1	1
mPonPyg2_numt563	0	0	0	0	1	1	1	1	1	1	1	1	1	1	1	1	1	1	1	1	1	1
mPonPyg2_numt564	NaN	NaN	NaN	NaN	NaN	NaN	1	1	1	1	1	1	1	1	1	1	1	1	1	1	1	1
mPonPyg2_numt565	1	1	1	1	1	1	1	1	1	1	1	1	1	1	0	1	1	1	1	1	1	1
mPonPyg2_numt566	0	0	0	0	0	1	1	1	1	1	1	1	1	1	1	1	1	1	1	1	1	1
mPonPyg2_numt567	0	0	0	0	1	1	1	1	1	1	1	1	1	1	1	1	1	1	1	1	1	1
mPonPyg2_numt568	0	0	0	0	0	1	1	1	1	1	1	1	1	1	1	1	1	1	1	1	1	1
mPonPyg2_numt569	0	0	0	0	1	1	1	1	1	1	1	1	1	1	1	1	1	1	1	1	1	1
mPonPyg2_numt570	0	0	0	0	1	1	1	1	1	1	1	1	1	1	1	1	1	1	1	1	1	1
mPonPyg2_numt571	0	0	0	0	1	1	1	1	1	1	1	1	1	1	1	1	1	1	1	1	1	1
mPonPyg2_numt572	0	0	0	0	1	1	1	1	1	1	1	1	1	1	1	1	1	1	1	1	1	1
mPonPyg2_numt573	0	0	0	0	1	1	1	1	1	1	1	1	1	1	1	1	1	1	1	1	1	1
mPonPyg2_numt574	NaN	NaN	NaN	NaN	NaN	NaN	1	1	1	1	1	1	1	1	1	1	1	1	1	1	1	1
mPonPyg2_numt575	NaN	NaN	NaN	NaN	NaN	NaN	1	1	1	1	1	1	1	1	1	1	1	1	1	1	1	1
mPonPyg2_numt576	0	0	0	0	1	1	1	1	1	1	1	1	1	1	1	1	1	1	1	1	1	1
mPonPyg2_numt577	0	0	0	0	1	1	1	1	1	1	1	1	1	1	1	1	1	1	1	1	1	1
mPonPyg2_numt578	0	0	0	0	0	1	1	1	1	1	1	1	1	1	1	1	1	1	1	1	1	1
mPonPyg2_numt579	0	0	0	0	1	1	1	1	1	1	1	1	1	1	0	1	1	1	1	1	1	1
mPonPyg2_numt580	0	0	0	0	1	1	1	1	1	1	1	1	1	1	1	1	1	1	1	1	1	1
mPonPyg2_numt581	1	1	1	1	1	1	1	1	1	1	1	1	1	1	1	1	1	1	1	1	1	1
mPonPyg2_numt582	1	1	1	1	1	1	1	1	1	1	1	1	1	1	1	1	1	1	1	1	1	1
mPonPyg2_numt583	1	1	1	1	1	1	1	1	1	1	1	1	1	1	1	1	1	1	1	1	1	1
mPonPyg2_numt584	NaN	NaN	NaN	NaN	NaN	NaN	1	1	1	1	1	1	1	1	1	1	1	1	1	1	1	1
mPonPyg2_numt585	1	1	1	1	1	1	1	1	1	1	1	1	1	1	1	1	1	1	1	1	1	1
mPonPyg2_numt586	0	0	1	1	1	1	1	1	1	1	1	1	1	1	1	1	1	1	1	1	1	1
mPonPyg2_numt587	0	0	0	0	1	1	1	1	1	1	1	1	1	1	1	1	1	1	1	1	1	1
mPonPyg2_numt588	1	1	1	1	1	1	1	1	1	1	1	1	1	1	1	1	1	1	1	1	1	1
mPonPyg2_numt589	1	1	1	1	1	1	1	1	1	1	1	1	1	1	1	1	1	1	1	1	1	1
mPonPyg2_numt590	1	1	1	1	1	1	1	1	1	1	1	1	1	1	1	1	1	1	1	1	1	1
mPonPyg2_numt591	0	0	0	0	1	1	1	1	1	1	1	1	1	1	1	1	1	1	1	1	1	1
mPonPyg2_numt592	0	0	0	0	1	1	1	1	1	1	1	1	1	1	1	1	1	1	1	1	1	1
mPonPyg2_numt593	0	0	0	0	1	1	1	1	1	1	1	1	1	1	1	1	1	1	1	1	1	1
mPonPyg2_numt594	1	1	1	1	1	1	1	1	1	1	1	1	1	1	1	1	1	1	1	1	1	1
mPonPyg2_numt595	1	1	1	1	1	1	1	1	1	1	1	1	1	1	1	1	1	1	1	1	1	1
mPonPyg2_numt596	1	1	1	1	1	1	1	1	1	1	1	1	1	1	0	1	1	1	1	1	1	1
mPonPyg2_numt597	0	0	0	0	1	1	1	1	1	1	1	1	1	1	1	1	1	1	1	1	1	1
mPonPyg2_numt598	0	0	0	0	1	1	1	1	1	1	1	1	1	1	1	1	1	1	1	1	1	1
mPonPyg2_numt599	0	0	1	1	1	1	1	1	1	1	1	1	1	1	1	1	1	1	1	1	1	1
mPonPyg2_numt600	1	1	1	1	1	1	1	1	1	1	1	1	1	1	1	1	1	1	1	1	1	1
mPonPyg2_numt601	0	0	0	0	1	1	1	1	1	1	1	1	1	1	1	1	1	1	1	1	1	1
mPonPyg2_numt602	1	1	1	1	1	1	1	1	1	1	1	1	1	1	1	1	1	1	1	1	1	1
mPonPyg2_numt603	1	1	1	1	1	1	1	1	1	1	1	1	1	1	1	1	1	1	1	1	1	1
mPonPyg2_numt604	1	1	1	0	1	1	1	1	1	1	1	1	1	1	1	1	1	1	1	1	1	1
mPonPyg2_numt605	1	1	1	0	1	1	1	1	1	1	1	1	1	1	1	1	1	1	1	1	1	1
mPonPyg2_numt606	0	0	0	0	1	1	1	1	1	1	1	1	1	1	1	1	1	1	1	1	1	1
mPonPyg2_numt607	0	0	0	0	1	1	1	1	1	1	1	1	1	1	1	1	1	1	1	1	1	1
mPonPyg2_numt608	1	1	1	0	1	1	1	1	1	1	1	1	1	1	1	1	1	1	1	1	1	1
mPonPyg2_numt609	1	0	1	0	1	1	1	1	1	1	1	1	1	1	1	1	1	1	1	1	1	1
mPonPyg2_numt610	1	1	1	0	1	1	1	1	1	1	1	1	1	1	1	1	1	1	1	1	1	1
mPonPyg2_numt611	1	1	1	0	1	1	1	1	1	1	1	1	1	1	1	1	1	1	1	1	1	1
mPonPyg2_numt612	1	1	1	0	1	1	1	1	1	1	1	1	1	1	1	1	1	1	1	1	1	1
mPonPyg2_numt613	0	0	1	0	1	1	1	1	1	1	1	1	1	1	1	1	1	1	1	1	1	1
mPonPyg2_numt614	0	0	1	0	1	1	1	1	1	1	1	1	1	1	1	1	1	1	1	1	1	1
mPonPyg2_numt615	1	1	1	0	1	1	1	1	1	1	1	1	1	1	1	1	1	1	1	1	1	1
mPonPyg2_numt616	1	1	1	0	1	1	1	1	1	1	1	1	1	1	1	1	1	1	1	1	1	1
mPonPyg2_numt617	1	1	1	0	1	1	1	1	1	1	1	1	1	1	1	1	1	1	1	1	1	1
mPonPyg2_numt618	1	1	1	0	1	1	1	1	1	1	1	1	1	1	1	1	1	1	1	1	1	1
mPonPyg2_numt619	1	1	1	0	1	1	1	1	1	1	1	1	1	1	1	1	1	1	1	1	1	1
mPonPyg2_numt620	1	1	1	0	1	1	1	1	1	1	1	1	1	1	1	1	1	1	1	1	1	1
mPonPyg2_numt621	1	1	1	0	1	1	1	1	1	1	1	1	1	1	1	1	1	1	1	1	1	1
mPonPyg2_numt622	1	1	1	0	1	1	1	1	1	1	1	1	1	1	1	1	1	1	1	1	1	1
mPonPyg2_numt623	1	1	1	0	1	1	1	1	1	1	1	1	1	1	1	1	1	1	1	1	1	1
mPonPyg2_numt624	0	0	0	0	1	1	1	1	1	1	1	1	1	1	1	1	1	1	1	1	1	1
mPonPyg2_numt625	0	0	0	0	1	1	1	1	1	1	1	1	1	1	1	1	1	1	1	1	1	1
mPonPyg2_numt626	0	0	0	0	1	1	1	1	1	1	1	1	1	1	1	1	1	1	1	1	1	1
mPonPyg2_numt627	1	1	1	0	1	1	1	1	1	1	1	1	1	1	1	1	1	1	1	1	1	1
mPonPyg2_numt628	1	1	1	1	1	1	1	1	1	1	1	1	1	1	1	1	1	1	1	1	1	1
mPonPyg2_numt629	1	1	1	1	1	1	1	1	1	1	1	1	1	1	1	1	1	1	1	1	1	1
mPonPyg2_numt630	0	0	0	0	1	1	1	1	1	1	1	1	1	1	1	1	1	1	1	1	1	1
mPonPyg2_numt631	1	1	1	1	1	1	1	1	1	1	1	1	1	1	1	1	1	1	1	1	1	1
mPonPyg2_numt632	1	1	1	1	1	1	1	1	1	1	1	1	1	1	1	1	1	1	1	1	1	1
mPonPyg2_numt633	1	1	1	1	1	1	1	1	1	1	1	1	1	1	1	1	1	1	1	1	1	1
mPonPyg2_numt634	1	1	1	1	1	1	1	1	1	1	1	1	1	1	1	1	1	1	1	1	1	1
mPonPyg2_numt635	1	1	1	1	1	1	1	1	1	1	1	1	1	1	1	1	1	1	1	1	1	1
mPonPyg2_numt636	1	1	1	1	1	1	1	1	1	1	1	1	1	1	1	1	1	1	1	1	1	1
mPonPyg2_numt637	1	1	1	1	1	1	1	1	1	1	1	1	1	1	1	1	1	1	1	1	1	1
mPonPyg2_numt638	1	1	0	1	1	1	1	1	1	1	1	1	1	1	1	1	1	1	1	1	1	1
mPonPyg2_numt639	1	1	1	1	1	1	1	1	1	1	1	1	1	1	1	1	1	1	1	1	1	1
mPonPyg2_numt640	1	1	1	1	1	1	1	1	1	1	1	1	1	1	1	1	1	1	1	1	1	1
mPonPyg2_numt641	1	1	1	1	1	1	1	1	1	1	1	1	1	1	1	1	1	1	1	1	1	1
mPonPyg2_numt642	1	1	1	1	1	1	1	1	1	1	1	1	1	1	1	1	1	1	1	1	1	1
mPonPyg2_numt643	0	0	0	0	1	1	1	1	1	1	1	1	1	1	1	1	1	1	1	1	1	1
mPonPyg2_numt644	0	1	1	1	1	1	1	1	1	1	1	1	1	1	1	1	1	1	1	1	1	1
mPonPyg2_numt645	0	0	0	0	1	1	1	1	1	1	1	1	1	1	1	1	1	1	1	1	1	1
mPonPyg2_numt646	1	1	1	1	1	1	1	1	1	1	1	1	1	1	1	1	1	1	1	1	1	1
mPonPyg2_numt647	0	1	0	0	1	1	1	1	1	1	1	1	1	1	1	1	1	1	1	1	1	1
mPonPyg2_numt648	0	0	0	0	1	1	1	1	1	1	1	1	1	1	1	1	1	1	1	1	1	1
mPonPyg2_numt649	1	1	1	1	1	1	1	1	1	1	1	1	1	1	1	1	1	1	1	1	1	1
mPonPyg2_numt650	1	1	1	1	1	1	1	1	1	1	1	1	1	1	1	1	1	1	1	1	1	1
mPonPyg2_numt651	0	0	0	0	1	1	1	1	1	1	1	1	1	1	1	1	1	1	1	1	1	1
mPonPyg2_numt652	0	0	0	0	1	1	1	1	1	1	1	1	1	1	1	1	1	1	1	1	1	1
mPonPyg2_numt653	0	0	0	0	1	1	1	1	1	1	1	1	1	1	1	1	1	1	1	1	1	1
mPonPyg2_numt654	0	0	0	0	1	1	1	1	1	1	1	1	1	1	0	1	1	1	1	1	1	1
mPonPyg2_numt655	0	0	0	0	0	1	1	1	1	1	1	1	1	1	1	1	1	1	1	1	1	1
mPonPyg2_numt656	0	0	0	0	1	1	1	1	1	1	1	1	1	1	1	1	1	1	1	1	1	1
mPonPyg2_numt657	0	0	0	1	1	1	1	1	1	1	1	1	1	1	1	1	1	1	1	1	1	1
mPonPyg2_numt658	1	1	1	1	1	1	1	1	1	1	1	1	1	1	1	1	1	1	1	1	1	1
mPonPyg2_numt659	1	1	1	1	1	1	1	1	1	1	1	1	1	1	1	1	1	1	1	1	1	1
mPonPyg2_numt660	1	1	1	1	1	1	1	1	1	1	1	1	1	1	1	1	1	1	1	1	1	1
mPonPyg2_numt661	1	1	1	1	1	1	1	1	1	1	1	1	1	1	1	1	1	1	1	1	1	1
mPonPyg2_numt662	1	1	1	1	1	1	1	1	1	1	1	1	1	1	1	1	1	1	1	1	1	1
mPonPyg2_numt663	1	1	0	0	1	1	1	1	1	1	1	1	1	1	1	1	1	1	1	1	1	1
mPonPyg2_numt664	1	1	1	0	1	1	1	1	1	1	1	1	1	1	1	1	1	1	1	1	1	1
mPonPyg2_numt665	1	1	1	0	1	1	NaN	NaN	NaN	NaN	NaN	NaN	NaN	NaN	NaN	NaN	NaN	NaN	NaN	NaN	NaN	NaN
mPonPyg2_numt666	1	1	1	0	1	1	1	1	1	1	1	1	1	1	1	1	1	1	1	1	1	1
mPonPyg2_numt667	1	1	1	0	1	1	1	1	1	1	1	1	1	1	1	1	1	1	1	1	1	1
mPonPyg2_numt668	0	1	1	0	1	1	1	1	1	1	1	1	1	1	1	1	1	1	1	1	1	1
mPonPyg2_numt669	NaN	NaN	NaN	NaN	NaN	NaN	1	1	1	1	1	1	1	1	1	1	1	1	1	1	1	1
mPonPyg2_numt670	0	0	0	0	1	1	1	1	1	1	1	1	1	1	1	1	1	1	1	1	1	1
mPonPyg2_numt671	0	0	0	0	1	1	1	1	1	1	1	1	1	1	1	1	1	1	1	1	1	1
mPonPyg2_numt672	0	0	0	0	1	1	1	1	1	1	1	1	1	1	1	1	1	1	1	1	1	1
mPonPyg2_numt673	0	0	0	0	1	1	1	1	1	1	1	1	1	1	1	1	1	1	1	1	1	1
mPonPyg2_numt674	1	1	1	0	1	1	1	1	1	1	1	1	1	1	1	1	1	1	1	1	1	1
mPonPyg2_numt675	1	1	1	0	1	1	1	1	1	1	1	1	1	1	1	1	1	1	1	1	1	1
mPonPyg2_numt676	0	0	0	0	1	1	1	1	1	1	1	1	1	1	1	1	1	1	1	1	1	1
mPonPyg2_numt677	0	0	0	1	1	1	1	1	1	1	1	1	1	1	1	1	1	1	1	1	1	1
mPonPyg2_numt678	0	0	0	1	1	1	1	1	1	1	1	1	1	1	1	1	1	1	1	1	1	1
mPonPyg2_numt679	0	0	0	1	1	1	1	1	1	1	1	1	1	1	1	1	1	1	1	1	1	1
mPonPyg2_numt680	0	0	0	0	0	1	1	1	1	1	1	1	1	1	1	1	1	1	1	1	1	1
mPonPyg2_numt681	0	0	0	1	1	1	1	1	1	1	1	1	1	1	1	1	1	1	1	1	1	1
mPonPyg2_numt682	1	1	1	0	1	1	1	1	1	1	1	1	1	1	1	1	1	1	1	1	1	1
mPonPyg2_numt683	0	0	0	1	1	1	1	1	1	1	1	1	1	1	1	1	1	1	1	1	1	1
mPonPyg2_numt684	0	0	0	1	1	1	1	1	1	1	1	1	1	1	1	1	1	1	1	1	1	1
mPonPyg2_numt685	1	1	1	1	1	1	1	1	1	1	1	1	1	1	1	1	1	1	1	1	1	1
mPonPyg2_numt686	0	0	0	0	1	1	1	1	1	1	1	1	1	1	1	1	1	1	1	1	1	1
mPonPyg2_numt687	0	0	1	1	1	1	1	1	1	1	1	1	1	1	1	1	1	1	1	1	1	1
mPonPyg2_numt688	0	1	0	1	1	1	1	1	1	1	1	1	1	1	1	1	1	1	1	1	1	1
mPonPyg2_numt689	1	1	1	1	1	1	1	1	1	1	1	1	1	1	1	1	1	1	1	1	1	1
mPonPyg2_numt690	1	1	1	1	1	1	1	1	1	1	1	1	1	1	1	1	1	1	1	1	1	1
mPonPyg2_numt691	0	0	0	0	1	1	1	1	1	1	1	1	1	1	1	1	1	1	1	1	1	1
mPonPyg2_numt692	1	1	0	1	1	1	1	1	1	1	1	1	1	1	1	1	1	1	1	1	1	1
mPonPyg2_numt693	1	1	1	1	1	1	1	1	1	1	1	1	1	1	1	1	1	1	1	1	1	1
mPonPyg2_numt694	0	0	1	1	1	1	1	1	1	1	1	1	1	1	1	1	1	1	1	1	1	1
mPonPyg2_numt695	0	0	0	0	1	1	1	1	1	1	1	1	1	1	1	1	1	1	1	1	1	1
mPonPyg2_numt696	0	0	0	0	1	1	1	1	1	1	1	1	0	1	1	1	1	1	1	1	1	1
mPonPyg2_numt697	0	0	0	0	1	1	1	1	1	1	1	1	1	1	1	1	1	1	1	1	1	1
mPonPyg2_numt698	0	0	0	0	1	1	1	1	1	1	1	1	1	1	0	1	1	1	1	1	1	1
mPonPyg2_numt699	0	0	0	0	0	1	1	1	1	1	1	1	1	1	0	1	1	1	1	1	1	1
mPonPyg2_numt700	0	0	0	0	1	1	1	1	1	1	1	1	1	1	1	1	1	1	1	1	1	1
mPonPyg2_numt701	0	0	0	0	1	1	1	1	1	1	1	1	1	1	1	1	1	1	1	1	1	1
mPonPyg2_numt702	0	0	0	0	1	1	1	1	1	1	1	1	1	1	1	1	1	1	1	1	1	1
mPonPyg2_numt703	0	0	0	0	1	1	1	1	1	1	1	1	1	1	1	1	1	1	1	1	1	1
mPonPyg2_numt704	0	0	0	0	0	1	1	1	1	1	1	1	1	1	1	1	1	1	1	1	1	1
mPonPyg2_numt705	0	0	0	0	1	1	1	1	1	1	1	1	1	1	1	1	1	1	1	1	1	1
mPonPyg2_numt706	0	0	0	0	1	1	1	1	1	1	1	1	1	1	1	1	1	1	1	1	1	1
mPonPyg2_numt707	0	0	0	0	1	1	1	1	1	1	1	1	1	1	1	1	1	1	1	1	1	1
mPonPyg2_numt708	1	1	1	1	1	1	1	1	1	1	1	1	1	1	1	1	1	1	1	1	1	1
mPonPyg2_numt709	1	1	1	1	1	1	1	1	1	1	1	1	1	1	1	1	1	1	1	1	1	1
mPonPyg2_numt710	1	1	1	1	1	1	1	1	1	1	1	1	1	1	1	1	1	1	1	1	1	1
mPonPyg2_numt711	0	0	0	0	1	1	1	1	1	1	1	1	1	1	1	1	1	1	1	1	1	1
mPonPyg2_numt712	1	1	1	1	1	1	1	1	1	1	1	1	1	1	1	1	1	1	1	1	1	1
mPonPyg2_numt713	0	0	0	0	1	1	1	1	1	1	1	1	1	1	1	1	1	1	1	1	1	1
mPonPyg2_numt714	0	0	0	0	1	1	1	1	1	1	1	1	1	1	1	1	1	1	1	1	1	1
mPonPyg2_numt715	0	0	0	0	1	1	1	1	1	1	1	1	1	1	1	1	1	1	1	1	1	1
mPonPyg2_numt716	0	0	0	0	1	1	1	1	1	1	1	1	1	1	1	1	1	1	1	1	1	1
mPonPyg2_numt717	0	0	0	0	1	1	1	1	1	1	1	1	1	1	1	1	1	1	1	1	1	1
mPonPyg2_numt718	0	0	0	0	1	1	1	1	1	1	1	1	1	1	1	1	1	1	1	1	1	1
mPonPyg2_numt719	0	0	0	0	1	1	1	1	1	1	1	1	1	1	1	1	1	1	1	1	1	1
mPonPyg2_numt720	0	0	0	0	1	1	1	1	1	1	1	1	1	1	1	1	1	1	1	1	1	1
mPonPyg2_numt721	1	1	1	1	1	1	1	1	1	1	1	1	1	1	1	1	1	1	1	1	1	1
mPonPyg2_numt722	1	1	1	1	1	1	1	1	1	1	1	1	1	1	1	1	1	1	1	1	1	1
mPonPyg2_numt723	1	1	1	1	1	1	1	1	1	1	1	1	1	1	1	1	1	1	1	1	1	1
mPonPyg2_numt724	0	0	1	1	1	1	1	1	1	1	1	1	1	1	1	1	1	1	1	1	1	1
mPonPyg2_numt725	0	0	0	0	1	1	1	1	1	1	1	1	1	1	1	1	1	1	1	1	1	1
mPonPyg2_numt726	1	1	1	1	1	1	1	1	1	1	1	1	1	1	0	1	1	1	1	1	1	1
mPonPyg2_numt727	1	1	1	1	1	1	1	1	1	1	1	1	1	1	1	1	1	1	1	1	1	1
mPonPyg2_numt728	0	0	0	0	1	1	1	1	1	1	1	1	1	1	1	1	1	1	1	1	1	1
mPonPyg2_numt729	1	1	1	1	1	1	1	1	1	1	1	1	1	1	1	1	1	1	1	1	1	1
mPonPyg2_numt730	1	1	1	1	1	1	1	1	1	1	1	1	1	1	1	1	1	1	1	1	1	1
mPonPyg2_numt731	1	1	1	1	1	1	1	1	1	1	1	1	1	1	1	1	1	1	1	1	1	1
mPonPyg2_numt732	0	0	0	0	0	1	1	1	1	1	1	1	1	1	1	1	1	1	1	1	1	1
mPonPyg2_numt733	1	1	1	1	1	1	1	1	1	1	1	1	1	1	1	1	1	1	1	1	1	1
mPonPyg2_numt734	1	1	0	1	1	1	1	1	1	1	1	1	1	1	1	1	1	1	1	1	1	1
mPonPyg2_numt735	1	1	1	1	1	1	1	1	1	1	1	1	1	1	1	1	1	1	1	1	1	1
mPonPyg2_numt736	1	1	1	1	1	1	1	1	1	1	1	1	1	1	1	1	1	1	1	1	1	1
mPonPyg2_numt737	1	1	1	1	1	1	1	1	1	1	1	1	1	1	1	1	1	1	1	1	1	1
mPonPyg2_numt738	1	1	1	1	1	1	1	1	1	1	1	1	1	1	1	1	1	1	1	1	1	1
mPonPyg2_numt739	1	1	1	1	1	1	1	1	1	1	1	1	1	1	1	1	1	1	1	1	1	1
mPonPyg2_numt740	1	1	1	1	1	1	1	1	1	1	1	1	1	1	1	1	1	1	1	1	1	1
mPonPyg2_numt741	1	1	1	1	1	1	1	1	1	1	1	1	1	1	1	1	1	1	1	1	1	1
mPonPyg2_numt742	1	1	1	1	1	1	1	1	1	1	1	1	1	1	1	1	1	1	1	1	1	1
mPonPyg2_numt743	1	1	1	1	1	1	1	1	1	1	1	1	1	1	1	1	1	1	1	1	1	1
mPonPyg2_numt744	1	1	1	1	1	1	1	1	1	1	1	1	1	1	0	1	1	1	1	1	1	1
mPonPyg2_numt745	1	1	1	1	1	1	1	1	1	1	1	1	1	1	1	1	1	1	1	1	1	1
mPonPyg2_numt746	1	1	1	1	1	1	1	1	1	1	1	1	1	1	1	1	1	1	1	1	1	1
mPonPyg2_numt747	1	1	1	1	1	1	1	1	1	1	1	1	1	1	1	1	1	1	1	1	1	1
mPonPyg2_numt748	1	1	1	1	1	1	1	1	1	1	1	1	1	1	1	1	1	1	1	1	1	1
mPonPyg2_numt749	1	1	1	1	1	1	1	1	1	1	1	1	1	1	1	1	1	1	1	1	1	1
mPonPyg2_numt750	1	1	1	1	1	1	1	1	1	1	1	1	1	1	1	1	1	1	1	1	1	1
mPonPyg2_numt751	1	1	1	1	1	1	1	1	1	1	1	1	1	1	1	1	1	1	1	1	1	1
mPonPyg2_numt752	1	1	1	1	1	1	1	1	1	1	1	1	1	1	1	1	1	1	1	1	1	1
mPonPyg2_numt753	0	0	1	0	1	1	1	1	1	1	1	1	1	1	1	1	1	1	1	1	1	1
mPonPyg2_numt754	0	0	0	0	0	1	1	1	1	1	1	1	1	1	1	1	1	1	1	1	1	1
mPonPyg2_numt755	1	1	1	1	1	1	1	1	1	1	1	1	1	1	1	1	1	1	1	1	1	1
mPonPyg2_numt756	1	1	1	1	1	1	1	1	1	1	1	1	1	1	1	1	1	1	1	1	1	1
mPonPyg2_numt757	1	1	1	1	1	1	1	1	1	1	1	1	1	1	1	1	1	1	1	1	1	1
mPonPyg2_numt758	0	0	0	0	1	1	1	1	1	1	1	1	1	1	1	1	1	1	1	1	1	1
mPonPyg2_numt759	NaN	NaN	NaN	NaN	NaN	NaN	1	1	1	1	1	1	1	1	1	1	1	1	1	1	1	1
mPonPyg2_numt760	1	1	1	1	1	1	1	1	1	1	1	1	1	1	1	1	1	1	1	1	1	1
mPonPyg2_numt761	1	1	1	1	1	1	1	1	1	1	1	1	1	1	1	1	1	1	1	1	1	1
mPonPyg2_numt762	1	1	1	1	1	1	1	1	1	1	1	1	1	1	1	1	1	1	1	1	1	1
mPonPyg2_numt763	0	0	0	0	1	1	1	1	1	1	1	1	1	1	0	1	1	1	1	1	1	1
mPonPyg2_numt764	0	0	0	0	0	1	1	1	1	1	1	1	1	1	1	1	1	1	1	1	1	1
mPonPyg2_numt765	1	1	1	1	1	1	1	1	1	1	1	1	1	1	1	1	1	1	1	1	1	1
mPonPyg2_numt766	1	1	1	1	1	1	1	1	1	1	1	1	1	1	1	1	1	1	1	1	1	1
mPonPyg2_numt767	1	1	1	1	1	1	1	1	1	1	1	1	1	1	1	1	1	1	1	1	1	1
mPonPyg2_numt768	0	1	1	1	1	1	1	1	1	1	1	1	1	1	1	1	1	1	1	1	1	1
mPonPyg2_numt769	1	1	1	1	1	1	1	1	1	1	1	1	1	1	1	1	1	1	1	1	1	1
mPonPyg2_numt770	0	0	0	0	1	1	0	0	0	0	0	0	0	0	1	1	1	1	1	1	1	1
mPonPyg2_numt771	0	0	0	0	1	1	0	0	0	0	0	0	0	1	1	1	1	1	1	1	1	1
mPonPyg2_numt772	0	0	0	0	1	1	0	0	0	0	0	0	1	1	1	1	1	1	1	1	1	1
mPonPyg2_numt773	0	0	0	0	1	1	0	0	0	0	0	0	0	0	1	1	1	1	1	1	1	1
mPonPyg2_numt774	0	0	0	0	1	1	0	0	0	0	0	0	0	0	1	1	1	1	1	1	1	1
mPonPyg2_numt775	0	0	0	0	1	1	0	0	0	0	0	0	0	0	1	1	1	1	1	1	1	1
mPonPyg2_numt776	0	0	0	0	1	1	1	0	0	0	0	0	0	0	1	1	1	1	1	1	1	1
mPonPyg2_numt777	0	0	0	0	1	1	0	0	0	0	0	0	0	0	1	1	1	1	1	1	1	1
mPonPyg2_numt778	NaN	NaN	NaN	NaN	NaN	NaN	0	0	0	0	0	0	1	0	1	1	1	1	1	1	1	1
mPonPyg2_numt779	0	0	0	0	1	1	0	0	0	0	0	0	1	0	1	1	1	1	1	1	1	1
mPonPyg2_numt780	0	0	0	0	1	1	0	0	0	0	0	0	0	0	1	1	1	1	1	1	1	1
mPonPyg2_numt781	0	0	0	0	1	1	0	0	0	0	0	0	0	0	1	1	1	1	1	1	1	1
mPonPyg2_numt782	0	0	0	0	1	1	0	1	0	0	0	0	0	1	1	1	1	1	1	1	1	1
mPonPyg2_numt783	0	0	0	0	1	1	0	0	0	0	0	0	0	0	1	1	1	1	1	1	1	1
mPonPyg2_numt784	0	0	0	0	1	1	0	0	0	0	0	0	0	0	1	1	1	1	1	1	1	1
mPonPyg2_numt785	0	0	0	0	1	1	0	0	0	0	0	0	0	0	1	1	1	1	1	1	1	1
mPonPyg2_numt786	0	0	0	0	1	1	0	0	0	0	0	0	0	0	1	1	1	1	1	1	1	1
mPonPyg2_numt787	0	0	0	0	1	1	0	0	0	0	0	0	0	0	1	1	1	1	1	1	1	1
mPonPyg2_numt788	0	0	0	0	1	1	0	0	0	0	0	0	0	0	1	1	1	1	1	1	1	1
mPonPyg2_numt789	0	0	0	0	1	1	0	0	0	0	0	0	1	0	1	1	1	1	1	1	1	1
mPonPyg2_numt790	0	0	0	0	1	1	0	0	0	0	0	0	0	0	1	1	1	1	1	1	1	1
mPonPyg2_numt791	0	0	0	0	1	1	0	0	0	0	0	0	0	0	1	1	1	1	1	1	1	1
mPonPyg2_numt792	0	0	0	0	1	1	0	0	0	0	0	0	0	0	1	1	1	1	1	1	1	1
mPonPyg2_numt793	0	0	0	0	1	1	0	0	0	0	0	0	0	0	1	1	1	1	1	1	1	1
mPonPyg2_numt794	0	0	0	0	1	1	0	0	0	0	0	0	0	0	1	1	1	1	1	1	1	1
mPonPyg2_numt795	0	0	0	0	1	1	0	0	0	0	0	0	1	0	1	1	1	1	1	1	1	1
mPonPyg2_numt796	0	0	0	0	1	1	0	0	0	0	0	0	1	0	0	1	1	1	1	1	1	1
mPonPyg2_numt797	0	0	0	0	1	1	NaN	NaN	NaN	NaN	NaN	NaN	NaN	NaN	NaN	NaN	NaN	NaN	NaN	NaN	NaN	NaN
mPonPyg2_numt798	0	0	0	0	1	1	0	0	0	0	0	0	1	0	1	1	1	1	1	1	1	1
mPonPyg2_numt799	0	0	0	0	1	1	0	0	0	0	0	0	0	0	1	1	1	1	1	1	1	1
mPonPyg2_numt800	0	0	0	0	1	1	0	1	0	0	0	0	1	1	1	1	1	1	1	1	1	1
mPonPyg2_numt801	0	0	0	0	1	1	0	1	0	1	0	0	0	0	1	1	1	1	1	1	1	1
mPonPyg2_numt802	0	0	0	0	1	1	0	0	0	0	0	0	1	0	1	1	1	1	1	1	1	1
mPonPyg2_numt803	0	0	0	0	1	1	0	0	0	0	0	0	0	0	1	1	1	1	1	1	1	1
mPonPyg2_numt804	0	0	0	0	1	1	0	0	0	0	0	0	1	0	1	1	1	1	1	1	1	1
mPonPyg2_numt805	0	0	0	0	1	1	0	1	1	0	1	1	0	0	0	1	1	1	1	1	1	0
mPonPyg2_numt806	0	0	0	0	1	1	1	1	1	0	1	1	0	0	1	1	1	1	1	1	1	1
mPonPyg2_numt807	0	0	0	0	1	1	0	0	0	0	0	1	0	0	1	1	1	1	1	1	1	1
mPonPyg2_numt808	0	0	0	0	1	1	0	1	0	0	0	1	0	0	1	1	1	1	1	1	1	1
