NUMT_ID	Bonobo	Chimpanzee	Human	Gorilla	Sorang	Borang	DORIS	Kiki	Miky	SIBU	Suma	Vicky	BALDY	Jeff	LIKOE
mPonAbe1_numt1	1	1	1	1	1	1	1	1	1	1	1	1	1	0	1
mPonAbe1_numt2	1	1	1	1	1	1	1	1	1	1	1	1	1	1	1
mPonAbe1_numt3	0	0	0	0	1	1	1	1	1	1	1	1	1	1	1
mPonAbe1_numt4	0	0	0	0	1	1	1	0	1	1	1	1	1	0	1
mPonAbe1_numt5	0	0	0	0	1	1	1	0	1	1	1	1	1	0	1
mPonAbe1_numt6	0	0	0	0	1	1	1	1	1	1	1	1	1	1	1
mPonAbe1_numt7	0	0	1	0	1	1	1	1	1	1	1	1	1	1	1
mPonAbe1_numt8	0	0	1	0	1	1	1	0	1	1	1	1	1	1	1
mPonAbe1_numt9	0	0	1	0	1	1	1	1	1	1	1	1	1	1	1
mPonAbe1_numt10	0	0	1	0	1	1	1	1	1	1	1	1	1	1	1
mPonAbe1_numt11	0	0	1	0	1	1	1	1	1	1	1	1	1	1	1
mPonAbe1_numt12	0	0	0	0	1	1	1	0	1	1	1	1	1	1	1
mPonAbe1_numt13	0	0	0	0	1	1	1	0	1	1	1	1	1	1	1
mPonAbe1_numt14	0	0	0	0	1	1	1	1	1	1	1	1	1	1	1
mPonAbe1_numt15	NaN	NaN	NaN	NaN	NaN	NaN	1	1	1	1	1	1	1	1	1
mPonAbe1_numt16	0	0	0	0	1	0	1	0	1	1	1	1	1	1	1
mPonAbe1_numt17	0	0	0	0	1	1	1	1	1	1	1	1	1	1	1
mPonAbe1_numt18	1	1	1	1	1	1	1	1	1	1	1	1	1	1	1
mPonAbe1_numt19	0	0	0	0	1	1	1	0	1	1	1	1	1	1	1
mPonAbe1_numt20	0	0	0	0	1	1	1	0	1	1	1	1	1	1	1
mPonAbe1_numt21	0	0	1	0	1	1	1	1	1	1	1	1	1	1	1
mPonAbe1_numt22	0	0	0	0	1	0	1	1	1	1	1	1	1	1	1
mPonAbe1_numt23	0	0	0	0	1	0	1	0	1	1	1	1	1	1	1
mPonAbe1_numt24	1	0	0	0	1	1	1	0	1	1	1	1	1	1	1
mPonAbe1_numt25	1	0	0	0	1	1	1	1	1	1	1	1	1	1	1
mPonAbe1_numt26	1	0	0	0	1	1	1	1	1	1	1	1	1	1	1
mPonAbe1_numt27	1	0	0	0	1	1	1	0	1	1	1	1	1	1	1
mPonAbe1_numt28	0	0	0	0	1	1	1	1	1	1	1	1	1	1	1
mPonAbe1_numt29	0	0	0	0	1	1	1	0	1	1	1	1	1	1	1
mPonAbe1_numt30	0	0	0	0	1	1	1	1	1	1	1	1	1	1	1
mPonAbe1_numt31	0	0	0	0	1	1	1	0	1	1	1	1	1	1	1
mPonAbe1_numt32	0	0	0	0	1	1	1	1	1	1	1	1	1	1	1
mPonAbe1_numt33	0	0	0	0	1	1	1	1	1	1	1	1	1	1	1
mPonAbe1_numt34	0	0	0	0	1	1	1	0	1	1	1	1	1	1	1
mPonAbe1_numt35	0	0	0	0	1	1	1	1	1	1	1	1	1	1	1
mPonAbe1_numt36	0	0	0	1	1	1	1	1	1	1	1	1	1	1	1
mPonAbe1_numt37	0	0	0	0	1	1	1	1	1	1	1	1	1	1	1
mPonAbe1_numt38	0	1	1	1	1	1	1	1	1	1	1	1	1	1	1
mPonAbe1_numt39	0	0	0	0	1	1	1	1	1	1	1	1	1	1	1
mPonAbe1_numt40	0	0	0	0	1	1	1	1	1	1	1	1	1	1	1
mPonAbe1_numt41	0	0	0	0	1	1	1	1	1	1	1	1	1	1	1
mPonAbe1_numt42	0	0	0	0	1	1	1	1	1	1	1	1	1	0	1
mPonAbe1_numt43	0	0	0	0	1	1	1	1	1	1	1	1	1	1	1
mPonAbe1_numt44	0	1	1	1	1	1	1	1	1	1	1	1	1	1	1
mPonAbe1_numt45	0	1	1	1	1	1	1	1	1	1	1	1	1	1	1
mPonAbe1_numt46	0	1	1	1	1	1	1	1	1	1	1	1	1	1	1
mPonAbe1_numt47	NaN	NaN	NaN	NaN	NaN	NaN	1	1	1	1	1	1	1	1	1
mPonAbe1_numt48	0	1	1	1	1	1	1	1	1	1	1	1	1	1	1
mPonAbe1_numt49	0	1	1	1	1	1	1	1	1	1	1	1	1	1	1
mPonAbe1_numt50	0	0	0	0	1	1	1	0	1	1	1	1	1	1	1
mPonAbe1_numt51	0	0	0	0	1	1	1	0	1	1	1	1	1	1	1
mPonAbe1_numt52	0	0	0	0	1	1	1	0	1	1	1	1	1	1	1
mPonAbe1_numt53	0	0	0	0	1	1	1	1	1	1	1	1	1	1	1
mPonAbe1_numt54	1	1	1	1	1	1	1	1	1	1	1	1	1	1	1
mPonAbe1_numt55	0	0	0	0	1	0	1	0	1	1	1	1	1	1	1
mPonAbe1_numt56	1	1	1	1	1	1	1	1	1	1	1	1	1	0	1
mPonAbe1_numt57	1	1	1	1	1	1	1	1	1	1	1	1	1	1	1
mPonAbe1_numt58	1	1	1	1	1	1	1	0	1	1	1	1	1	1	1
mPonAbe1_numt59	0	0	0	0	1	0	1	1	1	1	1	1	1	1	1
mPonAbe1_numt60	1	0	1	1	1	1	1	1	1	1	1	1	1	1	1
mPonAbe1_numt61	1	1	1	1	1	1	1	1	1	1	1	1	1	1	1
mPonAbe1_numt62	1	1	1	1	1	1	1	1	1	1	1	1	1	1	1
mPonAbe1_numt63	1	1	1	1	1	1	1	1	1	1	1	1	1	1	1
mPonAbe1_numt64	1	1	1	1	1	1	1	1	1	1	1	1	1	1	1
mPonAbe1_numt65	NaN	NaN	NaN	NaN	NaN	NaN	1	1	1	1	1	1	1	1	1
mPonAbe1_numt66	0	0	0	0	1	1	1	1	1	1	1	1	1	1	1
mPonAbe1_numt67	1	1	1	1	1	1	1	1	1	1	1	1	1	1	1
mPonAbe1_numt68	1	1	1	1	1	1	1	1	1	1	1	1	1	1	1
mPonAbe1_numt69	1	1	1	1	1	1	1	1	1	1	1	1	1	1	1
mPonAbe1_numt70	1	1	1	1	1	1	1	1	1	1	1	1	1	1	1
mPonAbe1_numt71	0	0	0	0	1	1	1	1	1	1	1	1	1	1	1
mPonAbe1_numt72	1	1	1	1	1	1	1	1	1	1	1	1	1	0	1
mPonAbe1_numt73	1	1	1	1	1	1	1	1	1	1	1	1	1	1	1
mPonAbe1_numt74	0	0	0	0	1	1	NaN	NaN	NaN	NaN	NaN	NaN	NaN	NaN	NaN
mPonAbe1_numt75	1	1	1	1	1	1	1	1	1	1	1	1	1	1	1
mPonAbe1_numt76	1	1	1	1	1	1	1	0	1	1	1	1	1	0	1
mPonAbe1_numt77	1	1	1	1	1	1	1	1	1	1	1	1	1	1	1
mPonAbe1_numt78	0	0	0	0	1	1	1	0	1	1	1	1	1	0	1
mPonAbe1_numt79	1	1	0	1	1	1	1	1	1	1	1	1	1	1	1
mPonAbe1_numt80	0	0	0	1	1	1	1	1	1	1	1	1	1	1	1
mPonAbe1_numt81	0	0	0	0	1	1	1	1	1	1	1	1	1	1	1
mPonAbe1_numt82	0	0	0	0	1	1	1	1	1	1	1	1	1	1	1
mPonAbe1_numt83	0	0	0	0	1	1	1	1	1	1	1	1	1	1	1
mPonAbe1_numt84	0	0	0	0	1	0	1	1	1	1	1	1	1	1	1
mPonAbe1_numt85	0	0	0	0	1	0	1	0	1	1	1	1	1	0	1
mPonAbe1_numt86	0	0	1	1	1	1	1	1	1	1	1	1	1	0	1
mPonAbe1_numt87	0	0	1	1	1	1	1	0	1	1	1	1	1	1	1
mPonAbe1_numt88	0	0	0	0	1	1	1	1	1	1	1	1	1	1	1
mPonAbe1_numt89	1	1	0	1	1	0	1	0	1	1	1	1	1	1	1
mPonAbe1_numt90	0	0	0	0	1	1	1	1	1	1	1	1	1	1	1
mPonAbe1_numt91	0	0	0	1	1	1	1	0	1	1	1	1	1	1	1
mPonAbe1_numt92	1	1	0	1	1	1	1	1	1	1	1	1	1	1	1
mPonAbe1_numt93	0	0	0	0	1	1	1	1	1	1	1	1	1	1	1
mPonAbe1_numt94	1	1	0	1	1	1	1	0	1	1	1	1	1	0	1
mPonAbe1_numt95	0	0	0	0	1	1	1	1	1	1	1	1	1	1	1
mPonAbe1_numt96	1	1	0	1	1	1	1	1	1	1	1	1	1	1	1
mPonAbe1_numt97	1	1	0	1	1	1	1	1	1	1	1	1	1	1	1
mPonAbe1_numt98	1	1	0	1	1	1	1	1	1	1	1	1	1	1	1
mPonAbe1_numt99	NaN	NaN	NaN	NaN	NaN	NaN	1	0	1	1	1	1	1	1	1
mPonAbe1_numt100	0	0	0	0	1	1	1	1	1	1	1	1	1	1	1
mPonAbe1_numt101	0	0	0	0	1	1	1	0	1	1	1	1	1	0	1
mPonAbe1_numt102	0	0	0	1	1	1	1	0	1	1	1	1	1	1	1
mPonAbe1_numt103	0	0	0	0	1	0	1	1	1	1	1	1	1	1	0
mPonAbe1_numt104	0	0	0	0	1	1	1	1	1	1	1	1	1	1	1
mPonAbe1_numt105	1	1	0	1	1	1	1	1	1	1	1	1	1	1	1
mPonAbe1_numt106	1	1	0	1	1	1	1	0	1	1	1	1	1	1	1
mPonAbe1_numt107	1	1	0	1	1	1	1	0	1	1	1	1	1	1	1
mPonAbe1_numt108	0	0	0	0	1	1	1	1	1	1	1	1	1	0	1
mPonAbe1_numt109	0	0	0	0	1	1	1	0	1	1	1	1	1	1	1
mPonAbe1_numt110	0	1	0	1	1	1	1	1	1	1	1	1	1	1	1
mPonAbe1_numt111	1	1	0	1	1	1	1	0	1	1	1	1	1	0	1
mPonAbe1_numt112	1	1	0	1	1	1	1	1	1	1	1	1	1	1	1
mPonAbe1_numt113	1	1	0	1	1	1	1	0	1	1	1	1	1	1	1
mPonAbe1_numt114	1	1	0	1	1	1	1	1	1	1	1	1	1	1	1
mPonAbe1_numt115	1	1	0	1	1	1	1	1	1	1	1	1	1	0	1
mPonAbe1_numt116	1	1	0	1	1	1	1	1	1	1	1	1	1	1	1
mPonAbe1_numt117	1	1	0	1	1	1	1	1	1	1	1	1	1	1	1
mPonAbe1_numt118	1	1	0	1	1	1	1	1	1	1	1	1	1	1	1
mPonAbe1_numt119	1	1	0	1	1	1	1	1	1	1	1	1	1	1	1
mPonAbe1_numt120	NaN	NaN	NaN	NaN	NaN	NaN	1	1	1	1	1	1	1	1	1
mPonAbe1_numt121	1	1	1	1	1	1	1	1	1	1	1	1	1	1	1
mPonAbe1_numt122	1	1	1	1	1	1	1	1	1	1	1	1	1	1	1
mPonAbe1_numt123	1	1	1	1	1	1	1	1	1	1	1	1	1	1	1
mPonAbe1_numt124	1	1	1	1	1	1	1	1	1	1	1	1	1	0	1
mPonAbe1_numt125	1	1	1	1	1	1	1	0	1	1	1	1	1	0	1
mPonAbe1_numt126	1	1	1	1	1	1	1	1	1	1	1	1	1	1	1
mPonAbe1_numt127	1	1	0	0	1	1	1	0	1	1	1	1	1	1	1
mPonAbe1_numt128	1	1	0	0	1	1	1	1	1	1	1	1	1	1	1
mPonAbe1_numt129	1	1	0	0	1	1	1	1	1	1	1	1	1	1	1
mPonAbe1_numt130	1	1	0	0	1	1	1	1	1	1	1	1	1	1	1
mPonAbe1_numt131	0	0	1	1	1	1	1	1	1	1	1	1	1	1	1
mPonAbe1_numt132	0	0	1	1	1	1	1	1	1	1	1	1	1	0	1
mPonAbe1_numt133	0	0	1	1	1	1	1	1	1	1	1	1	1	1	1
mPonAbe1_numt134	0	0	1	1	1	1	1	0	1	1	1	1	1	1	1
mPonAbe1_numt135	0	0	1	1	1	1	1	1	1	1	1	1	1	1	1
mPonAbe1_numt136	0	0	0	0	1	1	1	0	1	1	1	1	1	1	1
mPonAbe1_numt137	0	0	1	1	1	1	1	0	1	1	1	1	1	1	1
mPonAbe1_numt138	0	0	1	0	1	1	1	0	1	1	1	1	1	0	1
mPonAbe1_numt139	1	1	1	1	1	1	1	1	1	1	1	1	1	0	1
mPonAbe1_numt140	1	1	1	1	1	1	1	0	1	1	1	1	1	1	1
mPonAbe1_numt141	1	1	1	1	1	1	1	1	1	1	1	1	1	0	1
mPonAbe1_numt142	1	1	1	1	1	1	1	1	1	1	1	1	1	1	1
mPonAbe1_numt143	1	1	1	1	1	1	1	1	1	1	1	1	1	1	1
mPonAbe1_numt144	1	1	1	1	1	1	1	1	1	1	1	1	1	1	1
mPonAbe1_numt145	1	1	1	1	1	1	1	0	1	1	1	1	1	1	1
mPonAbe1_numt146	1	1	1	1	1	1	1	0	1	1	1	1	1	1	1
mPonAbe1_numt147	0	0	0	0	1	0	1	1	1	1	1	1	1	1	1
mPonAbe1_numt148	0	0	0	0	1	1	1	1	1	1	1	1	1	1	1
mPonAbe1_numt149	0	0	0	0	1	1	1	1	1	1	1	1	1	1	1
mPonAbe1_numt150	0	0	0	0	1	1	NaN	NaN	NaN	NaN	NaN	NaN	NaN	NaN	NaN
mPonAbe1_numt151	1	1	0	1	1	1	1	1	1	1	1	1	1	0	1
mPonAbe1_numt152	0	0	0	0	1	1	1	0	1	1	1	1	1	1	1
mPonAbe1_numt153	1	1	1	1	1	1	1	1	1	1	1	1	1	1	1
mPonAbe1_numt154	0	0	0	0	1	1	1	1	1	1	1	1	1	1	1
mPonAbe1_numt155	0	0	0	0	1	1	1	1	1	1	1	1	1	1	1
mPonAbe1_numt156	1	1	1	1	1	1	1	1	1	1	1	1	1	1	1
mPonAbe1_numt157	1	1	0	1	1	1	1	0	1	1	1	1	1	1	1
mPonAbe1_numt158	1	1	1	1	1	1	1	1	1	1	1	1	1	1	1
mPonAbe1_numt159	1	1	1	1	1	1	1	1	1	1	1	1	1	1	1
mPonAbe1_numt160	1	1	1	1	1	1	1	0	1	1	1	1	1	0	1
mPonAbe1_numt161	1	1	1	1	1	1	1	1	1	1	1	1	1	1	1
mPonAbe1_numt162	1	0	1	0	1	1	1	1	1	1	1	1	1	1	1
mPonAbe1_numt163	0	0	0	0	1	1	1	1	1	1	1	1	1	1	1
mPonAbe1_numt164	0	0	0	0	1	1	1	0	1	1	1	1	1	1	1
mPonAbe1_numt165	1	1	1	1	1	1	1	1	1	1	1	1	1	1	1
mPonAbe1_numt166	1	1	1	1	1	1	1	1	1	1	1	1	1	1	1
mPonAbe1_numt167	1	1	1	0	1	1	1	1	1	1	1	1	1	1	1
mPonAbe1_numt168	1	1	1	0	1	1	1	1	1	1	1	1	1	1	1
mPonAbe1_numt169	1	1	1	0	1	1	1	1	1	1	1	1	1	1	1
mPonAbe1_numt170	0	0	0	0	1	1	1	0	1	1	1	1	1	0	1
mPonAbe1_numt171	0	0	0	0	1	1	1	1	1	1	1	1	1	1	1
mPonAbe1_numt172	0	0	0	0	1	1	1	0	1	1	1	1	1	1	1
mPonAbe1_numt173	0	0	0	0	1	1	1	0	1	1	1	1	1	1	1
mPonAbe1_numt174	1	1	1	1	1	1	1	1	1	1	1	1	1	0	1
mPonAbe1_numt175	0	0	0	0	1	1	1	0	1	1	1	1	1	0	1
mPonAbe1_numt176	0	0	0	0	1	1	1	0	1	1	1	1	1	0	1
mPonAbe1_numt177	0	0	0	0	1	1	1	0	1	1	1	1	1	0	1
mPonAbe1_numt178	0	0	0	0	1	1	1	0	1	1	1	1	1	1	1
mPonAbe1_numt179	0	0	0	0	1	1	1	1	1	1	1	1	1	1	1
mPonAbe1_numt180	0	0	0	1	1	1	1	1	1	1	1	1	1	1	1
mPonAbe1_numt181	0	0	0	0	1	1	1	0	1	1	1	1	1	1	1
mPonAbe1_numt182	0	0	0	0	1	1	1	0	1	1	1	1	1	1	1
mPonAbe1_numt183	0	0	0	0	1	1	1	1	1	1	1	1	1	1	1
mPonAbe1_numt184	0	0	0	0	1	1	1	1	1	1	1	1	1	1	1
mPonAbe1_numt185	0	0	0	0	1	1	1	0	1	1	1	1	1	1	1
mPonAbe1_numt186	1	0	0	1	1	1	1	0	1	1	1	1	1	1	1
mPonAbe1_numt187	1	1	1	1	1	1	1	1	1	1	1	1	1	1	1
mPonAbe1_numt188	0	0	1	1	1	1	1	1	1	1	1	1	1	1	1
mPonAbe1_numt189	1	1	1	1	1	1	1	1	1	1	1	1	1	1	1
mPonAbe1_numt190	1	1	1	1	1	1	1	1	1	1	1	1	1	1	1
mPonAbe1_numt191	1	1	1	1	1	1	1	1	1	1	1	1	1	1	1
mPonAbe1_numt192	0	0	0	0	1	1	1	1	1	1	1	1	1	1	1
mPonAbe1_numt193	0	0	0	0	1	1	1	1	1	1	1	1	1	1	1
mPonAbe1_numt194	1	0	0	1	1	1	1	1	1	1	1	1	1	0	1
mPonAbe1_numt195	1	1	1	1	1	1	1	1	1	1	1	1	1	1	1
mPonAbe1_numt196	0	0	0	0	1	1	1	1	1	1	1	1	1	1	1
mPonAbe1_numt197	0	0	0	0	1	1	1	1	1	1	1	1	1	1	1
mPonAbe1_numt198	0	0	0	0	1	1	1	1	1	1	1	1	1	1	1
mPonAbe1_numt199	0	0	0	0	1	1	1	1	1	1	1	1	1	1	1
mPonAbe1_numt200	1	1	1	1	1	1	1	0	1	1	1	1	1	0	1
mPonAbe1_numt201	1	1	0	1	1	1	1	1	1	1	1	1	1	0	1
mPonAbe1_numt202	0	0	0	0	1	1	1	0	1	1	1	1	1	0	1
mPonAbe1_numt203	1	1	1	1	1	1	1	1	1	1	1	1	1	1	1
mPonAbe1_numt204	1	1	1	1	1	1	1	1	1	1	1	1	1	1	1
mPonAbe1_numt205	1	1	1	1	1	1	1	0	1	1	1	1	1	1	1
mPonAbe1_numt206	1	1	1	1	1	1	1	1	1	1	1	1	1	1	1
mPonAbe1_numt207	0	0	0	0	1	1	1	0	1	1	1	1	1	1	1
mPonAbe1_numt208	0	0	0	0	1	1	1	1	1	1	1	1	1	1	1
mPonAbe1_numt209	1	1	1	1	1	1	1	0	1	1	1	1	1	1	1
mPonAbe1_numt210	1	1	1	1	1	1	1	1	1	1	1	1	1	1	1
mPonAbe1_numt211	0	0	0	0	1	1	NaN	NaN	NaN	NaN	NaN	NaN	NaN	NaN	NaN
mPonAbe1_numt212	0	0	0	0	1	1	1	1	1	1	1	1	1	1	1
mPonAbe1_numt213	NaN	NaN	NaN	NaN	NaN	NaN	1	1	1	1	1	1	1	1	1
mPonAbe1_numt214	0	0	0	1	1	1	1	0	1	1	1	1	1	1	1
mPonAbe1_numt215	0	0	0	0	1	1	1	1	1	1	1	1	1	1	1
mPonAbe1_numt216	0	0	0	0	1	1	1	1	1	1	1	1	1	1	1
mPonAbe1_numt217	0	0	0	0	1	1	1	1	1	1	1	1	1	1	1
mPonAbe1_numt218	0	0	0	0	1	0	1	0	1	1	1	1	1	1	1
mPonAbe1_numt219	0	0	0	0	1	1	1	0	1	1	1	1	1	0	1
mPonAbe1_numt220	NaN	NaN	NaN	NaN	NaN	NaN	1	0	1	1	1	1	1	0	1
mPonAbe1_numt221	0	0	0	0	1	1	1	0	1	1	1	1	1	1	1
mPonAbe1_numt222	1	0	1	1	1	1	1	1	1	1	1	1	1	1	1
mPonAbe1_numt223	1	0	1	1	1	1	1	0	1	1	1	1	1	1	1
mPonAbe1_numt224	1	1	0	0	1	1	1	0	1	1	1	1	1	1	1
mPonAbe1_numt225	1	1	1	0	1	1	1	1	1	1	1	1	1	1	1
mPonAbe1_numt226	1	1	1	0	1	1	1	1	1	1	1	1	1	1	1
mPonAbe1_numt227	0	1	1	1	1	1	1	1	1	1	1	1	1	1	1
mPonAbe1_numt228	1	1	1	0	1	1	1	0	1	1	1	1	1	1	1
mPonAbe1_numt229	0	1	1	0	1	1	1	0	1	1	1	1	1	1	1
mPonAbe1_numt230	0	1	1	0	1	1	1	1	1	1	1	1	1	1	1
mPonAbe1_numt231	0	1	1	0	1	1	1	1	1	1	1	1	1	1	1
mPonAbe1_numt232	0	1	1	0	1	1	1	1	1	1	1	1	1	1	1
mPonAbe1_numt233	0	1	1	0	1	1	1	1	1	1	1	1	1	1	1
mPonAbe1_numt234	0	1	1	0	1	1	1	1	1	1	1	1	1	1	1
mPonAbe1_numt235	0	1	1	0	1	1	1	1	1	1	1	1	1	1	1
mPonAbe1_numt236	0	0	0	0	1	1	1	0	1	1	1	1	1	1	1
mPonAbe1_numt237	0	0	0	0	1	1	1	0	1	1	0	1	1	1	1
mPonAbe1_numt238	1	1	0	1	1	1	1	1	1	1	1	1	1	1	1
mPonAbe1_numt239	0	0	0	0	1	1	1	1	1	1	1	1	1	1	1
mPonAbe1_numt240	0	0	0	0	1	1	1	1	1	1	1	1	1	1	1
mPonAbe1_numt241	0	0	0	0	1	1	1	1	1	1	1	1	1	1	1
mPonAbe1_numt242	0	0	0	0	1	1	1	0	1	1	1	1	1	0	1
mPonAbe1_numt243	0	0	1	0	1	1	1	1	1	1	1	1	1	1	1
mPonAbe1_numt244	0	0	0	0	1	1	1	0	1	1	1	1	1	0	1
mPonAbe1_numt245	0	0	1	1	1	1	1	1	1	1	1	1	1	1	1
mPonAbe1_numt246	0	0	0	0	1	1	1	0	1	1	0	0	1	1	1
mPonAbe1_numt247	0	0	0	0	1	1	0	0	1	1	1	0	1	0	0
mPonAbe1_numt248	1	1	0	1	1	1	1	1	1	1	1	1	1	1	1
mPonAbe1_numt249	0	0	0	0	1	1	1	0	1	1	1	1	1	0	1
mPonAbe1_numt250	0	0	0	0	1	1	1	1	1	1	1	1	1	1	1
mPonAbe1_numt251	0	0	0	0	1	1	1	0	1	1	1	0	1	1	1
mPonAbe1_numt252	0	0	0	0	1	1	0	0	1	0	0	0	1	0	1
mPonAbe1_numt253	0	0	1	0	1	1	1	0	1	1	1	1	1	1	1
mPonAbe1_numt254	0	0	1	1	1	1	1	0	0	1	1	1	1	0	1
mPonAbe1_numt255	0	0	1	1	1	1	1	1	1	1	1	1	1	1	1
mPonAbe1_numt256	0	0	1	0	1	1	1	1	1	1	1	1	1	1	1
mPonAbe1_numt257	0	0	1	0	1	1	1	1	1	1	1	1	1	1	1
mPonAbe1_numt258	0	0	0	1	1	1	1	1	1	1	1	1	1	0	1
mPonAbe1_numt259	1	1	1	0	1	1	1	1	1	1	1	1	1	0	1
mPonAbe1_numt260	1	1	1	0	1	1	1	0	1	1	1	1	1	1	1
mPonAbe1_numt261	1	1	1	0	1	1	1	1	1	1	1	1	1	1	1
mPonAbe1_numt262	1	1	0	1	1	1	1	0	1	1	1	1	1	1	1
mPonAbe1_numt263	1	1	0	0	1	1	1	1	1	1	1	1	1	1	1
mPonAbe1_numt264	1	1	0	0	1	1	1	1	1	1	1	1	1	1	1
mPonAbe1_numt265	1	1	0	0	1	1	1	1	1	1	1	1	1	1	1
mPonAbe1_numt266	1	1	0	0	1	1	1	1	1	1	1	1	1	1	1
mPonAbe1_numt267	0	0	0	0	1	1	1	1	1	1	1	1	1	1	1
mPonAbe1_numt268	1	1	0	0	1	1	1	1	1	1	1	1	1	1	1
mPonAbe1_numt269	1	1	0	1	1	1	1	0	1	1	1	1	1	1	1
mPonAbe1_numt270	0	1	0	1	1	1	1	1	1	1	1	1	1	1	1
mPonAbe1_numt271	0	0	0	0	1	1	1	1	1	1	1	1	1	0	1
mPonAbe1_numt272	1	1	0	1	1	1	1	1	1	1	1	1	1	1	1
mPonAbe1_numt273	1	1	0	1	1	1	1	1	1	1	1	1	1	1	1
mPonAbe1_numt274	1	1	0	1	1	1	1	1	1	1	1	1	1	1	1
mPonAbe1_numt275	0	0	0	0	1	1	1	1	1	1	1	1	1	1	1
mPonAbe1_numt276	0	0	0	0	1	0	1	0	1	1	1	1	1	1	1
mPonAbe1_numt277	1	0	0	1	1	1	1	1	1	1	1	1	1	1	1
mPonAbe1_numt278	0	0	0	0	1	1	1	1	1	1	1	1	1	1	1
mPonAbe1_numt279	1	1	0	1	1	1	1	1	1	1	1	1	1	1	1
mPonAbe1_numt280	1	1	0	1	1	1	1	1	1	1	1	1	1	1	1
mPonAbe1_numt281	1	1	0	1	1	1	1	1	1	1	1	1	1	1	1
mPonAbe1_numt282	1	1	0	1	1	1	1	1	1	1	1	1	1	1	1
mPonAbe1_numt283	1	1	0	1	1	1	1	1	1	1	1	1	1	1	1
mPonAbe1_numt284	1	1	0	1	1	1	1	1	1	1	1	1	1	1	1
mPonAbe1_numt285	NaN	NaN	NaN	NaN	NaN	NaN	1	1	1	1	1	1	1	1	1
mPonAbe1_numt286	1	1	0	1	1	1	1	0	1	1	1	1	1	1	1
mPonAbe1_numt287	1	1	0	1	1	1	1	1	1	1	1	1	1	1	1
mPonAbe1_numt288	1	1	0	1	1	1	1	1	1	1	1	1	1	1	1
mPonAbe1_numt289	1	1	0	1	1	1	1	1	1	1	1	1	1	1	1
mPonAbe1_numt290	1	1	0	1	1	1	1	1	1	1	1	1	1	1	1
mPonAbe1_numt291	1	1	0	1	1	1	1	1	1	1	1	1	1	1	1
mPonAbe1_numt292	1	1	0	1	1	1	1	1	1	1	1	1	1	0	1
mPonAbe1_numt293	1	1	0	1	1	1	1	1	1	1	1	1	1	1	1
mPonAbe1_numt294	1	1	0	1	1	1	1	1	1	1	1	1	1	0	1
mPonAbe1_numt295	1	1	0	1	1	1	1	1	1	1	1	1	1	1	1
mPonAbe1_numt296	1	1	0	1	1	1	NaN	NaN	NaN	NaN	NaN	NaN	NaN	NaN	NaN
mPonAbe1_numt297	0	0	0	0	1	1	1	1	1	1	1	1	1	1	1
mPonAbe1_numt298	0	0	0	0	1	1	1	0	1	1	1	1	1	1	1
mPonAbe1_numt299	0	0	0	0	1	1	1	1	1	1	1	1	1	1	1
mPonAbe1_numt300	0	0	0	0	1	0	1	0	1	1	1	1	1	0	1
mPonAbe1_numt301	1	1	0	1	1	1	1	1	1	1	1	1	1	0	1
mPonAbe1_numt302	1	1	0	1	1	1	1	1	1	1	1	1	1	1	1
mPonAbe1_numt303	0	0	0	0	1	1	1	0	1	1	1	1	1	1	1
mPonAbe1_numt304	1	1	0	1	1	1	1	1	1	1	1	1	1	1	1
mPonAbe1_numt305	0	0	0	0	1	1	1	0	1	1	1	1	1	0	1
mPonAbe1_numt306	1	1	0	0	1	1	1	0	1	1	1	1	1	1	1
mPonAbe1_numt307	1	1	1	1	1	1	1	1	1	1	1	1	1	1	1
mPonAbe1_numt308	0	0	0	0	1	1	1	0	1	1	1	1	1	1	1
mPonAbe1_numt309	1	1	1	1	1	1	1	1	1	1	1	1	1	1	1
mPonAbe1_numt310	1	1	1	1	1	1	1	1	1	1	1	1	1	1	1
mPonAbe1_numt311	1	1	1	0	1	1	1	1	1	1	1	1	1	1	1
mPonAbe1_numt312	1	1	1	1	1	1	1	1	1	1	1	1	1	1	1
mPonAbe1_numt313	1	1	1	1	1	1	1	1	1	1	1	1	1	1	1
mPonAbe1_numt314	1	1	0	0	1	1	1	0	1	1	1	1	1	1	1
mPonAbe1_numt315	1	1	1	1	1	1	1	0	1	1	1	1	1	0	1
mPonAbe1_numt316	0	0	0	0	1	1	1	1	1	1	1	1	1	1	1
mPonAbe1_numt317	0	0	0	0	1	1	1	1	1	1	1	1	1	1	1
mPonAbe1_numt318	0	0	0	0	1	1	1	0	1	1	1	1	1	0	1
mPonAbe1_numt319	1	1	1	1	1	1	1	0	1	1	1	1	1	1	1
mPonAbe1_numt320	0	0	0	0	1	1	1	0	1	1	1	1	1	1	1
mPonAbe1_numt321	1	1	1	1	1	1	1	0	1	1	1	1	1	0	1
mPonAbe1_numt322	0	0	0	0	1	1	1	1	1	1	1	1	1	1	1
mPonAbe1_numt323	1	1	1	1	1	1	1	1	1	1	1	1	1	1	1
mPonAbe1_numt324	0	0	0	0	1	1	1	0	1	1	1	1	1	1	1
mPonAbe1_numt325	1	1	1	1	1	1	1	1	1	1	1	1	1	1	1
mPonAbe1_numt326	0	0	0	0	1	1	1	1	1	1	1	1	1	1	1
mPonAbe1_numt327	0	0	0	0	1	1	NaN	NaN	NaN	NaN	NaN	NaN	NaN	NaN	NaN
mPonAbe1_numt328	0	0	0	0	1	1	1	1	1	1	1	1	1	1	1
mPonAbe1_numt329	1	1	1	1	1	1	1	1	1	1	1	1	1	1	1
mPonAbe1_numt330	0	0	0	0	1	1	1	0	1	1	1	1	1	1	1
mPonAbe1_numt331	0	0	0	0	1	1	1	1	1	1	1	1	1	1	1
mPonAbe1_numt332	0	0	0	0	1	1	1	1	1	1	1	1	1	1	1
mPonAbe1_numt333	0	0	0	0	1	1	NaN	NaN	NaN	NaN	NaN	NaN	NaN	NaN	NaN
mPonAbe1_numt334	0	0	0	0	1	1	1	0	1	1	1	1	1	0	1
mPonAbe1_numt335	0	0	0	0	1	0	1	0	1	1	1	1	1	1	1
mPonAbe1_numt336	0	0	0	0	1	1	1	1	1	1	1	1	1	1	1
mPonAbe1_numt337	0	0	0	0	1	1	1	1	1	1	1	1	1	1	1
mPonAbe1_numt338	1	0	0	0	1	1	1	1	1	1	1	1	1	1	1
mPonAbe1_numt339	1	1	1	1	1	1	1	1	1	1	1	1	1	1	1
mPonAbe1_numt340	1	1	1	1	1	1	1	0	1	1	1	1	1	0	1
mPonAbe1_numt341	1	1	1	1	1	1	1	1	1	1	1	1	1	1	1
mPonAbe1_numt342	1	1	0	1	1	1	1	0	1	1	1	1	1	1	1
mPonAbe1_numt343	NaN	NaN	NaN	NaN	NaN	NaN	1	1	1	1	1	1	1	1	1
mPonAbe1_numt344	0	0	1	0	1	1	1	1	1	1	1	1	1	1	1
mPonAbe1_numt345	NaN	NaN	NaN	NaN	NaN	NaN	1	1	1	1	1	1	1	1	1
mPonAbe1_numt346	0	0	0	0	1	1	1	1	1	1	1	1	1	1	1
mPonAbe1_numt347	1	1	1	1	1	1	1	0	1	1	1	1	1	1	1
mPonAbe1_numt348	1	1	1	1	1	1	1	1	1	1	1	1	1	0	1
mPonAbe1_numt349	0	0	0	0	1	0	0	1	0	1	1	1	1	1	1
mPonAbe1_numt350	1	1	1	1	1	1	1	1	1	1	1	1	1	1	1
mPonAbe1_numt351	1	1	1	1	1	1	1	1	1	1	1	1	1	1	1
mPonAbe1_numt352	1	1	1	0	1	1	1	0	1	1	1	1	1	1	1
mPonAbe1_numt353	0	0	0	0	1	1	1	1	1	1	1	1	1	1	1
mPonAbe1_numt354	0	0	0	0	1	1	1	0	1	1	1	1	1	1	1
mPonAbe1_numt355	0	0	0	0	1	1	1	1	1	1	1	1	1	1	1
mPonAbe1_numt356	1	1	1	0	1	1	1	0	1	1	1	1	1	0	1
mPonAbe1_numt357	1	1	1	0	1	1	1	0	1	1	1	1	1	0	1
mPonAbe1_numt358	0	0	1	0	1	1	1	0	1	1	1	1	1	1	1
mPonAbe1_numt359	0	0	0	0	1	1	1	1	1	1	1	1	1	1	1
mPonAbe1_numt360	0	0	0	1	1	1	1	0	1	1	1	1	1	1	1
mPonAbe1_numt361	0	0	0	0	1	1	1	0	1	1	1	1	1	1	1
mPonAbe1_numt362	0	0	0	0	1	1	1	1	1	1	1	1	1	1	1
mPonAbe1_numt363	0	0	0	0	1	1	1	0	1	1	1	1	1	1	1
mPonAbe1_numt364	0	0	0	0	1	1	1	0	1	1	1	1	1	1	1
mPonAbe1_numt365	0	0	0	0	1	1	1	1	1	1	1	1	1	0	1
mPonAbe1_numt366	0	0	0	0	1	1	1	1	1	1	1	1	1	1	1
mPonAbe1_numt367	1	1	1	1	1	1	1	1	1	1	1	1	1	0	1
mPonAbe1_numt368	0	0	0	0	1	1	1	1	1	1	1	1	1	1	1
mPonAbe1_numt369	1	1	1	1	1	1	1	1	1	1	1	1	1	1	1
mPonAbe1_numt370	NaN	NaN	NaN	NaN	NaN	NaN	1	1	1	1	1	1	1	1	1
mPonAbe1_numt371	0	0	0	1	1	1	1	1	1	1	1	1	1	1	1
mPonAbe1_numt372	0	0	1	1	1	1	1	1	1	1	1	1	1	1	1
mPonAbe1_numt373	0	0	1	1	1	1	1	1	1	1	1	1	1	1	1
mPonAbe1_numt374	0	0	1	1	1	1	1	1	1	1	1	1	1	1	1
mPonAbe1_numt375	1	1	1	1	1	1	1	1	1	1	1	1	1	1	1
mPonAbe1_numt376	1	1	0	1	1	1	1	0	1	1	1	1	1	1	1
mPonAbe1_numt377	0	0	0	0	1	1	1	1	1	1	1	1	1	0	1
mPonAbe1_numt378	0	0	0	0	1	0	1	0	1	1	1	1	1	1	1
mPonAbe1_numt379	0	0	0	0	1	0	1	0	1	1	1	1	1	1	1
mPonAbe1_numt380	0	0	0	0	1	0	1	1	1	1	1	1	1	0	1
mPonAbe1_numt381	0	0	0	0	1	0	1	1	1	1	1	1	1	1	1
mPonAbe1_numt382	0	0	0	0	1	0	NaN	NaN	NaN	NaN	NaN	NaN	NaN	NaN	NaN
mPonAbe1_numt383	0	0	0	0	1	0	1	1	1	1	1	1	1	1	1
mPonAbe1_numt384	NaN	NaN	NaN	NaN	NaN	NaN	1	1	1	1	1	1	1	1	1
mPonAbe1_numt385	0	0	0	0	1	0	1	1	1	1	1	1	1	1	1
mPonAbe1_numt386	0	0	0	0	1	0	1	1	1	1	1	1	1	1	1
mPonAbe1_numt387	0	0	0	0	1	0	1	1	1	1	1	1	1	1	1
mPonAbe1_numt388	0	0	0	0	1	0	1	1	1	1	1	1	1	1	1
mPonAbe1_numt389	0	0	0	0	1	0	1	0	1	1	1	1	1	1	1
mPonAbe1_numt390	0	0	0	0	1	0	1	1	1	1	1	1	1	1	1
mPonAbe1_numt391	1	1	1	1	1	0	1	1	1	1	1	1	1	1	1
mPonAbe1_numt392	0	0	0	0	1	1	1	1	1	1	1	1	1	1	1
mPonAbe1_numt393	0	0	0	0	1	1	1	0	1	1	1	1	1	1	1
mPonAbe1_numt394	0	0	0	0	1	1	1	1	1	1	1	1	1	0	1
mPonAbe1_numt395	0	0	0	0	1	1	1	1	1	1	1	1	1	1	1
mPonAbe1_numt396	NaN	NaN	NaN	NaN	NaN	NaN	1	1	1	1	1	1	1	1	1
mPonAbe1_numt397	0	0	0	0	1	1	1	0	1	1	1	1	1	1	1
mPonAbe1_numt398	0	0	0	0	1	1	1	1	1	1	1	1	1	1	1
mPonAbe1_numt399	0	0	0	0	1	1	1	1	1	1	1	1	1	1	1
mPonAbe1_numt400	0	0	0	0	1	1	1	0	1	1	1	1	1	1	1
mPonAbe1_numt401	0	0	0	0	1	1	1	1	1	1	1	1	1	1	1
mPonAbe1_numt402	0	0	0	0	1	1	1	1	1	1	1	1	1	1	1
mPonAbe1_numt403	0	0	0	0	1	1	1	0	1	1	1	1	1	1	1
mPonAbe1_numt404	0	0	0	0	1	1	1	1	1	1	1	1	1	1	1
mPonAbe1_numt405	1	1	1	1	1	1	1	0	1	1	1	1	1	1	1
mPonAbe1_numt406	1	0	0	0	1	1	1	0	1	1	1	1	1	0	1
mPonAbe1_numt407	1	1	1	1	1	1	1	1	1	1	1	1	1	1	1
mPonAbe1_numt408	1	1	1	1	1	1	1	1	1	1	1	1	1	0	1
mPonAbe1_numt409	0	0	0	0	1	1	1	0	1	1	1	1	1	1	1
mPonAbe1_numt410	0	0	0	0	1	1	1	1	1	1	1	1	1	0	1
mPonAbe1_numt411	1	1	1	1	1	1	1	1	1	1	1	1	1	1	1
mPonAbe1_numt412	0	0	0	0	1	1	1	1	1	1	1	1	1	1	1
mPonAbe1_numt413	1	1	1	1	1	1	1	1	1	1	1	1	1	1	1
mPonAbe1_numt414	1	1	1	1	1	1	1	1	1	1	1	1	1	1	1
mPonAbe1_numt415	1	1	1	1	1	1	1	1	1	1	1	1	1	1	1
mPonAbe1_numt416	1	0	1	1	1	1	1	1	1	1	1	1	1	1	1
mPonAbe1_numt417	1	1	1	1	1	1	1	1	1	1	1	1	1	1	1
mPonAbe1_numt418	0	0	0	1	1	1	1	1	1	1	1	1	1	1	1
mPonAbe1_numt419	0	0	0	0	1	1	1	1	1	1	1	1	1	1	1
mPonAbe1_numt420	1	1	1	1	1	1	1	1	1	1	1	1	1	0	1
mPonAbe1_numt421	NaN	NaN	NaN	NaN	NaN	NaN	1	1	1	1	1	1	1	0	1
mPonAbe1_numt422	1	1	1	1	1	1	1	1	1	1	1	1	1	1	1
mPonAbe1_numt423	1	1	1	1	1	1	1	1	1	1	1	1	1	0	1
mPonAbe1_numt424	1	1	1	1	1	1	1	1	1	1	1	1	1	1	1
mPonAbe1_numt425	0	0	0	0	1	1	1	1	1	1	1	1	1	1	1
mPonAbe1_numt426	0	0	0	0	1	0	1	0	1	1	1	1	1	1	1
mPonAbe1_numt427	1	1	1	1	1	1	1	1	1	1	1	1	1	1	1
mPonAbe1_numt428	0	0	0	0	1	1	1	0	1	1	1	1	1	1	1
mPonAbe1_numt429	0	0	0	0	1	1	1	0	1	1	1	1	1	1	1
mPonAbe1_numt430	1	1	1	1	1	1	1	1	1	1	1	1	1	1	1
mPonAbe1_numt431	0	0	0	0	1	1	1	0	1	1	1	1	1	0	1
mPonAbe1_numt432	1	1	1	0	1	1	1	1	1	1	1	1	1	1	1
mPonAbe1_numt433	1	1	1	1	1	1	1	1	1	1	1	1	1	1	1
mPonAbe1_numt434	1	1	1	1	1	1	1	1	1	1	1	1	1	1	1
mPonAbe1_numt435	0	0	0	0	1	1	1	0	1	1	1	1	1	1	1
mPonAbe1_numt436	0	0	0	0	1	1	1	1	1	1	1	1	1	1	1
mPonAbe1_numt437	1	1	0	1	1	1	1	1	1	1	1	1	1	1	1
mPonAbe1_numt438	0	0	0	1	1	1	1	1	1	1	1	1	1	1	1
mPonAbe1_numt439	1	1	0	1	1	1	1	1	1	1	1	1	1	1	1
mPonAbe1_numt440	1	1	0	1	1	1	1	1	1	1	1	1	1	1	1
mPonAbe1_numt441	0	0	0	1	1	1	1	1	1	1	1	1	1	1	1
mPonAbe1_numt442	0	0	0	0	1	1	1	1	1	1	1	1	1	1	1
mPonAbe1_numt443	1	1	0	1	1	1	1	1	1	1	1	1	1	0	1
mPonAbe1_numt444	0	0	0	0	1	1	1	1	1	1	1	1	1	1	1
mPonAbe1_numt445	0	0	0	0	1	1	1	1	1	1	1	1	1	1	1
mPonAbe1_numt446	0	0	0	0	1	1	1	1	1	1	1	1	1	1	1
mPonAbe1_numt447	0	0	1	1	1	1	1	1	1	1	1	1	1	1	1
mPonAbe1_numt448	1	1	1	1	1	1	1	1	1	1	1	1	1	1	1
mPonAbe1_numt449	1	1	1	1	1	1	1	0	1	1	1	1	1	1	1
mPonAbe1_numt450	1	1	1	1	1	1	1	1	1	1	1	1	1	1	1
mPonAbe1_numt451	1	1	1	1	1	1	1	1	1	1	1	1	1	1	1
mPonAbe1_numt452	1	1	1	1	1	1	1	1	1	1	1	1	1	1	1
mPonAbe1_numt453	0	1	1	1	1	1	1	0	1	1	1	1	1	1	1
mPonAbe1_numt454	1	1	1	1	1	1	1	1	1	1	1	1	1	1	1
mPonAbe1_numt455	1	1	1	1	1	1	1	1	1	1	1	1	1	1	1
mPonAbe1_numt456	0	0	0	0	1	1	NaN	NaN	NaN	NaN	NaN	NaN	NaN	NaN	NaN
mPonAbe1_numt458	0	0	0	0	1	1	1	1	1	1	1	1	1	1	1
mPonAbe1_numt459	0	0	0	0	1	1	1	1	1	1	1	1	1	1	1
mPonAbe1_numt460	NaN	NaN	NaN	NaN	NaN	NaN	1	1	1	1	1	1	1	1	1
mPonAbe1_numt461	0	0	1	1	1	1	1	0	1	1	1	1	1	0	1
mPonAbe1_numt462	0	1	1	1	1	1	1	1	1	1	1	1	1	1	1
mPonAbe1_numt463	0	0	0	0	1	1	1	0	1	1	1	1	1	1	1
mPonAbe1_numt464	1	1	1	1	1	1	1	1	1	1	1	1	1	0	1
mPonAbe1_numt465	1	1	1	1	1	1	1	0	1	1	1	1	1	1	1
mPonAbe1_numt466	0	0	0	0	1	1	1	1	1	1	1	1	1	1	1
mPonAbe1_numt467	0	0	0	0	1	1	1	1	1	1	1	1	1	1	1
mPonAbe1_numt468	0	0	0	0	1	1	1	0	1	1	1	1	1	1	1
mPonAbe1_numt469	1	1	1	0	1	1	1	1	1	1	1	1	1	1	1
mPonAbe1_numt470	1	1	1	0	1	1	1	1	1	1	1	1	1	1	1
mPonAbe1_numt471	1	1	1	0	1	1	1	1	1	1	1	1	1	1	1
mPonAbe1_numt472	1	1	1	0	1	1	1	1	1	1	1	1	1	1	1
mPonAbe1_numt473	1	1	1	0	1	1	1	0	1	1	1	1	1	1	1
mPonAbe1_numt474	1	1	1	0	1	1	1	0	1	1	1	1	1	0	1
mPonAbe1_numt475	0	0	1	0	1	1	1	0	1	1	1	1	1	0	1
mPonAbe1_numt476	0	0	0	0	1	1	1	0	1	1	1	1	1	1	1
mPonAbe1_numt477	0	0	0	0	1	1	1	1	1	1	1	1	1	1	1
mPonAbe1_numt478	0	0	0	0	1	0	1	0	1	1	1	0	1	1	1
mPonAbe1_numt479	0	0	1	1	1	1	1	1	1	1	1	1	1	1	1
mPonAbe1_numt480	NaN	NaN	NaN	NaN	NaN	NaN	1	1	1	1	1	1	1	1	1
mPonAbe1_numt481	0	0	0	0	1	1	NaN	NaN	NaN	NaN	NaN	NaN	NaN	NaN	NaN
mPonAbe1_numt482	0	0	1	1	1	1	NaN	NaN	NaN	NaN	NaN	NaN	NaN	NaN	NaN
mPonAbe1_numt483	0	0	1	0	1	1	1	0	1	1	1	1	1	1	1
mPonAbe1_numt484	0	0	1	0	1	1	1	1	1	1	1	1	1	1	1
mPonAbe1_numt485	0	0	1	0	1	1	NaN	NaN	NaN	NaN	NaN	NaN	NaN	NaN	NaN
mPonAbe1_numt486	0	0	1	1	1	1	1	0	1	1	1	1	1	1	1
mPonAbe1_numt487	0	0	1	1	1	1	1	1	1	1	1	1	1	1	1
mPonAbe1_numt488	1	1	1	1	1	1	1	1	1	1	1	1	1	1	1
mPonAbe1_numt489	1	1	1	1	1	1	1	1	1	1	1	1	1	1	1
mPonAbe1_numt490	1	1	1	1	1	1	1	1	1	1	1	1	1	1	1
mPonAbe1_numt491	0	0	0	0	1	1	1	0	1	1	1	1	1	1	1
mPonAbe1_numt492	0	0	0	0	1	0	1	1	1	1	1	1	1	1	1
mPonAbe1_numt493	0	0	0	0	1	1	1	1	1	1	1	1	1	1	1
mPonAbe1_numt494	1	1	1	1	1	1	1	0	1	1	1	1	1	1	1
mPonAbe1_numt495	1	1	1	1	1	1	1	1	1	1	1	1	1	1	1
mPonAbe1_numt496	1	1	1	1	1	1	1	1	1	1	1	1	1	1	1
mPonAbe1_numt497	1	1	1	1	1	1	1	0	1	1	1	1	1	1	1
mPonAbe1_numt498	NaN	NaN	NaN	NaN	NaN	NaN	1	0	1	1	1	1	1	1	1
mPonAbe1_numt499	0	0	0	0	1	1	1	1	1	1	1	1	1	1	1
mPonAbe1_numt500	0	0	0	1	1	0	1	0	1	1	1	1	1	0	1
mPonAbe1_numt501	0	0	1	0	1	1	1	0	1	1	1	1	1	0	1
mPonAbe1_numt502	0	0	0	0	1	1	1	1	1	1	1	1	1	0	1
mPonAbe1_numt503	0	0	0	0	1	1	1	1	1	1	1	1	1	0	1
mPonAbe1_numt504	0	0	0	0	1	1	1	1	1	1	1	1	1	1	1
mPonAbe1_numt505	NaN	NaN	NaN	NaN	NaN	NaN	1	1	1	1	1	1	1	1	1
mPonAbe1_numt506	1	1	1	1	1	1	1	1	1	1	1	1	1	1	1
mPonAbe1_numt507	0	0	0	0	1	1	1	0	1	1	1	1	1	1	1
mPonAbe1_numt508	1	1	1	1	1	1	1	0	1	1	1	1	1	1	1
mPonAbe1_numt509	1	1	1	1	1	1	1	1	1	1	1	1	1	1	1
mPonAbe1_numt510	0	0	0	0	1	0	1	1	1	1	1	1	1	1	1
mPonAbe1_numt511	1	1	1	1	1	1	1	1	1	1	1	1	1	0	1
mPonAbe1_numt512	1	1	1	1	1	1	1	1	1	1	1	1	1	1	1
mPonAbe1_numt513	1	1	1	1	1	1	1	0	1	1	1	1	1	0	1
mPonAbe1_numt514	1	1	1	1	1	1	1	1	1	1	1	1	1	1	1
mPonAbe1_numt515	1	1	1	1	1	1	1	0	1	1	1	1	1	1	1
mPonAbe1_numt516	0	0	0	0	1	1	1	0	1	1	1	1	1	1	1
mPonAbe1_numt517	0	0	0	0	1	1	1	0	1	1	1	1	1	0	1
mPonAbe1_numt518	1	1	1	1	1	1	1	1	1	1	1	1	1	1	1
mPonAbe1_numt519	0	0	1	1	1	1	1	0	1	1	1	1	1	1	1
mPonAbe1_numt520	0	0	0	0	1	0	1	1	1	1	1	1	1	1	1
mPonAbe1_numt521	0	0	0	0	1	0	1	1	1	1	1	1	1	1	1
mPonAbe1_numt522	0	0	0	0	1	1	1	1	1	1	1	1	1	1	1
mPonAbe1_numt523	0	0	0	0	1	1	1	1	1	1	1	1	1	1	1
mPonAbe1_numt524	0	0	0	0	1	1	1	1	1	1	1	1	1	1	1
mPonAbe1_numt525	0	0	0	0	1	1	1	1	1	1	1	1	1	1	1
mPonAbe1_numt526	0	0	0	0	1	1	1	1	1	1	1	1	1	1	1
mPonAbe1_numt527	0	0	0	0	1	1	1	1	1	1	1	1	1	1	1
mPonAbe1_numt528	0	0	0	0	1	1	1	1	1	1	1	1	1	1	1
mPonAbe1_numt529	0	0	0	0	1	1	1	1	1	1	1	1	1	1	1
mPonAbe1_numt530	1	1	1	1	1	1	1	1	1	1	1	1	1	1	1
mPonAbe1_numt531	0	0	0	0	1	1	1	0	1	1	1	1	1	1	1
mPonAbe1_numt532	1	1	0	1	1	1	1	1	1	1	1	1	1	1	1
mPonAbe1_numt533	1	1	1	1	1	1	1	0	1	1	1	1	1	1	1
mPonAbe1_numt534	1	1	1	1	1	1	1	1	1	1	1	1	1	1	1
mPonAbe1_numt535	1	1	1	1	1	1	1	1	1	1	1	1	1	1	1
mPonAbe1_numt536	0	1	1	1	1	1	1	1	1	1	1	1	1	0	1
mPonAbe1_numt537	1	1	1	1	1	1	1	1	1	1	1	1	1	1	1
mPonAbe1_numt538	1	1	1	1	1	1	1	1	1	1	1	1	1	0	1
mPonAbe1_numt539	0	0	0	0	1	1	1	0	1	1	1	1	1	1	1
mPonAbe1_numt540	NaN	NaN	NaN	NaN	NaN	NaN	1	1	1	1	1	1	1	1	1
mPonAbe1_numt541	1	1	1	1	1	1	1	0	1	1	1	1	1	1	1
mPonAbe1_numt542	0	0	0	0	1	1	1	0	1	1	1	1	1	1	1
mPonAbe1_numt543	0	0	0	0	1	1	NaN	NaN	NaN	NaN	NaN	NaN	NaN	NaN	NaN
mPonAbe1_numt544	0	1	1	1	1	1	1	1	1	1	1	1	1	1	1
mPonAbe1_numt545	0	0	0	0	1	1	1	0	1	1	1	1	1	1	1
mPonAbe1_numt546	0	0	0	0	1	1	1	0	1	1	1	1	1	1	1
mPonAbe1_numt547	0	1	1	1	1	1	1	0	1	1	1	1	1	1	1
mPonAbe1_numt548	0	0	0	0	1	1	1	1	1	1	1	1	1	1	1
mPonAbe1_numt549	0	0	0	0	1	1	1	1	1	1	1	1	1	1	1
mPonAbe1_numt550	0	1	1	1	1	1	1	1	1	1	1	1	1	1	1
mPonAbe1_numt551	0	1	1	1	1	1	1	1	1	1	1	1	1	1	1
mPonAbe1_numt552	0	1	1	1	1	1	1	1	1	1	1	1	1	1	1
mPonAbe1_numt553	0	0	1	1	1	1	1	0	1	1	1	1	1	1	1
mPonAbe1_numt554	0	0	0	0	1	1	1	1	1	1	1	1	1	1	1
mPonAbe1_numt555	0	0	0	0	1	1	1	0	1	1	1	1	1	1	1
mPonAbe1_numt556	0	0	0	0	1	1	1	1	1	1	1	1	1	1	1
mPonAbe1_numt557	0	0	0	0	1	1	1	0	1	1	1	1	1	0	1
mPonAbe1_numt558	0	0	0	0	1	1	1	1	1	1	1	1	1	1	1
mPonAbe1_numt559	NaN	NaN	NaN	NaN	NaN	NaN	1	1	1	1	1	1	1	1	1
mPonAbe1_numt560	1	1	1	1	1	1	1	1	1	1	1	1	1	1	1
mPonAbe1_numt561	1	1	1	1	1	1	1	1	1	1	1	1	1	1	1
mPonAbe1_numt562	0	0	1	1	1	1	1	1	1	1	1	1	1	1	1
mPonAbe1_numt563	NaN	NaN	NaN	NaN	NaN	NaN	1	1	1	1	1	1	1	1	1
mPonAbe1_numt564	NaN	NaN	NaN	NaN	NaN	NaN	1	1	1	1	1	1	1	1	1
mPonAbe1_numt565	0	0	0	0	1	1	1	0	1	1	1	1	1	1	1
mPonAbe1_numt566	0	0	0	0	1	1	1	1	1	1	1	1	1	1	1
mPonAbe1_numt567	0	0	0	0	1	1	1	1	1	1	1	1	1	1	1
mPonAbe1_numt568	0	0	0	0	1	1	1	0	1	1	1	1	1	0	1
mPonAbe1_numt569	0	0	0	0	1	1	1	0	1	1	1	1	1	1	1
mPonAbe1_numt570	0	0	0	0	1	1	1	0	1	1	1	1	1	1	1
mPonAbe1_numt571	0	0	0	0	1	1	1	1	1	1	1	1	1	1	1
mPonAbe1_numt572	NaN	NaN	NaN	NaN	NaN	NaN	1	1	1	1	1	1	1	1	1
mPonAbe1_numt573	NaN	NaN	NaN	NaN	NaN	NaN	1	0	1	1	1	1	1	1	1
mPonAbe1_numt574	0	0	0	0	1	1	1	1	1	1	1	1	1	1	1
mPonAbe1_numt575	0	0	0	0	1	1	1	1	1	1	1	1	1	0	1
mPonAbe1_numt576	0	0	0	0	1	1	1	1	1	1	1	1	1	0	1
mPonAbe1_numt577	0	0	0	0	1	1	1	0	1	1	1	1	1	0	1
mPonAbe1_numt578	0	0	0	0	1	1	1	0	1	1	1	1	1	1	1
mPonAbe1_numt579	1	1	1	1	1	1	1	1	1	1	1	1	1	1	1
mPonAbe1_numt580	1	1	1	1	1	1	1	1	1	1	1	1	1	1	1
mPonAbe1_numt581	1	1	1	1	1	1	1	0	1	1	1	1	1	1	1
mPonAbe1_numt582	1	1	1	1	1	1	1	1	1	1	1	1	1	1	1
mPonAbe1_numt583	1	1	1	1	1	1	1	0	1	1	1	1	1	1	1
mPonAbe1_numt584	0	0	1	1	1	1	1	0	1	1	1	1	1	0	1
mPonAbe1_numt585	0	0	0	0	1	1	1	0	1	1	1	1	1	1	1
mPonAbe1_numt586	1	1	1	1	1	1	1	0	1	1	1	1	1	0	1
mPonAbe1_numt587	0	0	0	0	1	0	1	0	1	1	1	1	1	1	1
mPonAbe1_numt588	0	0	0	0	1	0	1	0	1	1	1	1	1	1	1
mPonAbe1_numt589	1	1	1	1	1	1	1	0	1	1	1	1	1	1	1
mPonAbe1_numt590	0	0	0	0	1	1	1	1	1	1	1	1	1	1	1
mPonAbe1_numt591	0	0	0	0	1	1	1	1	1	1	1	1	1	1	1
mPonAbe1_numt592	0	0	1	0	1	1	1	1	1	1	1	1	1	1	1
mPonAbe1_numt593	1	1	1	1	1	1	1	1	1	1	1	1	1	1	1
mPonAbe1_numt594	1	1	1	1	1	1	1	1	1	1	1	1	1	1	1
mPonAbe1_numt595	1	1	1	1	1	1	1	0	1	1	1	1	1	0	1
mPonAbe1_numt596	0	0	0	0	1	1	1	0	1	1	1	1	1	1	1
mPonAbe1_numt597	0	0	0	0	1	1	1	1	1	1	1	1	1	0	1
mPonAbe1_numt598	1	0	1	1	1	1	1	0	1	1	1	1	1	1	1
mPonAbe1_numt599	1	1	1	1	1	1	1	1	1	1	1	1	1	1	1
mPonAbe1_numt600	0	0	0	0	1	1	1	0	1	1	1	1	1	0	1
mPonAbe1_numt601	1	1	1	1	1	1	1	1	1	1	1	1	1	1	1
mPonAbe1_numt602	1	1	1	0	1	1	1	1	1	1	1	1	1	1	1
mPonAbe1_numt603	1	1	1	0	1	1	1	0	1	1	1	1	1	1	1
mPonAbe1_numt604	0	0	0	0	1	1	1	1	1	1	1	1	1	1	1
mPonAbe1_numt605	0	0	0	0	1	1	1	1	1	1	1	1	1	1	1
mPonAbe1_numt606	1	1	1	0	1	1	1	1	1	1	1	1	1	1	1
mPonAbe1_numt607	1	0	1	0	1	1	1	1	1	1	1	1	1	1	1
mPonAbe1_numt608	1	1	1	0	1	1	1	1	1	1	1	1	1	0	1
mPonAbe1_numt609	1	1	1	0	1	1	1	0	1	1	1	1	1	1	1
mPonAbe1_numt610	1	1	1	0	1	1	NaN	NaN	NaN	NaN	NaN	NaN	NaN	NaN	NaN
mPonAbe1_numt611	1	1	1	0	1	1	1	0	1	1	1	1	1	1	1
mPonAbe1_numt612	0	1	1	0	1	1	1	1	1	1	1	1	1	1	1
mPonAbe1_numt613	0	0	0	0	1	1	1	1	1	1	1	1	1	1	1
mPonAbe1_numt614	1	1	1	0	1	1	1	0	1	1	1	1	1	1	1
mPonAbe1_numt615	1	1	1	0	1	1	1	1	1	1	1	1	1	1	1
mPonAbe1_numt616	1	1	1	0	1	1	1	0	1	1	1	1	1	1	1
mPonAbe1_numt617	1	1	1	0	1	1	1	1	1	1	1	1	1	1	1
mPonAbe1_numt618	1	1	1	0	1	1	1	1	1	1	1	1	1	1	1
mPonAbe1_numt619	1	1	1	0	1	1	1	1	1	1	1	1	1	1	1
mPonAbe1_numt620	1	1	1	0	1	1	1	1	1	1	1	1	1	1	1
mPonAbe1_numt621	1	1	1	0	1	1	1	1	1	1	1	1	1	1	1
mPonAbe1_numt622	1	1	1	0	1	1	1	1	1	1	1	1	1	1	1
mPonAbe1_numt623	0	0	0	0	1	1	1	0	1	1	1	1	1	1	1
mPonAbe1_numt624	1	0	1	0	1	1	1	1	1	1	1	1	1	1	1
mPonAbe1_numt625	0	0	0	0	1	1	1	1	1	1	1	1	1	1	1
mPonAbe1_numt626	1	1	1	1	1	1	NaN	NaN	NaN	NaN	NaN	NaN	NaN	NaN	NaN
mPonAbe1_numt627	1	1	1	1	1	1	1	1	1	1	1	1	1	0	1
mPonAbe1_numt628	0	0	0	0	1	1	1	1	1	1	1	1	1	1	1
mPonAbe1_numt629	1	1	1	1	1	1	1	1	1	1	1	1	1	1	1
mPonAbe1_numt630	1	1	1	1	1	1	1	0	1	1	1	1	1	1	1
mPonAbe1_numt631	1	1	1	1	1	1	1	1	1	1	1	1	1	1	1
mPonAbe1_numt632	1	1	1	1	1	1	1	1	1	1	1	1	1	1	1
mPonAbe1_numt633	1	1	1	1	1	1	1	1	1	1	1	1	1	1	1
mPonAbe1_numt634	1	1	1	1	1	1	1	1	1	1	1	1	1	1	1
mPonAbe1_numt635	0	0	0	0	1	0	1	1	1	1	1	1	1	1	1
mPonAbe1_numt636	1	1	0	1	1	1	1	1	1	1	1	1	1	1	1
mPonAbe1_numt637	1	1	1	1	1	1	1	0	1	1	1	1	1	1	1
mPonAbe1_numt638	0	0	0	0	1	0	1	1	1	1	0	0	1	1	1
mPonAbe1_numt639	1	1	1	1	1	1	1	1	1	1	1	1	1	1	1
mPonAbe1_numt640	1	1	1	1	1	1	1	1	1	1	1	1	1	1	1
mPonAbe1_numt641	1	1	1	1	1	1	1	0	1	1	1	1	1	1	1
mPonAbe1_numt642	0	0	0	0	1	1	1	1	1	1	1	1	1	1	1
mPonAbe1_numt643	0	0	0	0	1	1	1	0	1	1	1	1	1	1	1
mPonAbe1_numt644	1	1	1	1	1	1	1	1	1	1	1	1	1	1	1
mPonAbe1_numt645	0	1	0	0	1	1	1	1	1	1	1	1	1	1	1
mPonAbe1_numt646	0	0	0	0	1	1	1	1	1	1	1	1	1	1	1
mPonAbe1_numt647	1	1	1	1	1	1	1	1	1	1	1	1	1	1	1
mPonAbe1_numt648	1	1	1	1	1	1	1	1	1	1	1	1	1	0	1
mPonAbe1_numt649	0	0	0	0	1	1	1	0	1	1	1	1	1	1	1
mPonAbe1_numt650	0	0	0	0	1	1	1	1	1	1	1	1	1	1	1
mPonAbe1_numt651	0	0	0	0	1	1	1	0	1	1	1	1	1	1	1
mPonAbe1_numt652	0	0	0	0	1	1	1	0	1	1	1	1	1	1	1
mPonAbe1_numt653	0	0	0	0	1	1	1	0	1	1	1	1	1	1	1
mPonAbe1_numt654	1	1	0	1	1	1	1	0	1	1	1	1	1	1	1
mPonAbe1_numt655	NaN	NaN	NaN	NaN	NaN	NaN	1	1	1	1	1	1	1	1	1
mPonAbe1_numt656	1	1	1	1	1	1	1	0	1	1	1	1	1	0	1
mPonAbe1_numt657	1	1	1	1	1	1	1	1	1	1	1	1	1	1	1
mPonAbe1_numt658	1	1	1	1	1	1	1	1	1	1	1	1	1	1	1
mPonAbe1_numt659	1	1	1	1	1	1	1	0	1	1	1	1	1	0	1
mPonAbe1_numt660	1	1	1	0	1	1	1	1	1	1	1	1	1	0	1
mPonAbe1_numt661	1	1	1	0	1	1	1	1	1	1	1	1	1	1	1
mPonAbe1_numt662	0	0	0	0	1	1	1	1	1	1	1	1	1	0	1
mPonAbe1_numt663	1	1	1	0	1	1	1	1	1	1	1	1	1	1	1
mPonAbe1_numt664	1	1	1	0	1	1	1	1	1	1	1	1	1	1	1
mPonAbe1_numt665	0	0	0	0	1	1	1	1	1	1	1	1	1	1	1
mPonAbe1_numt666	NaN	NaN	NaN	NaN	NaN	NaN	1	1	1	1	1	1	1	1	1
mPonAbe1_numt667	0	0	0	0	1	1	1	1	1	1	1	1	1	1	1
mPonAbe1_numt668	0	0	0	0	1	1	1	1	1	1	1	1	1	1	1
mPonAbe1_numt669	0	0	0	0	1	1	1	0	1	1	1	1	1	1	1
mPonAbe1_numt670	0	0	0	0	1	1	1	1	1	1	1	1	1	1	1
mPonAbe1_numt671	1	1	1	0	1	1	1	1	1	1	1	1	1	1	1
mPonAbe1_numt672	0	0	1	1	1	0	1	1	1	1	1	1	1	1	1
mPonAbe1_numt673	0	0	0	0	1	1	1	0	1	1	1	1	1	0	1
mPonAbe1_numt674	0	0	0	1	1	1	1	1	1	1	1	1	1	1	1
mPonAbe1_numt675	0	0	0	1	1	1	1	1	1	1	1	1	1	1	1
mPonAbe1_numt676	0	0	0	1	1	1	1	1	1	1	1	1	1	1	1
mPonAbe1_numt677	0	0	0	1	1	1	1	0	1	1	1	1	1	1	1
mPonAbe1_numt678	0	0	0	1	1	1	1	0	1	1	1	1	1	0	1
mPonAbe1_numt679	1	1	1	0	1	1	1	1	1	1	1	1	1	1	1
mPonAbe1_numt680	0	0	0	1	1	1	1	0	1	1	1	1	1	1	1
mPonAbe1_numt681	0	0	0	1	1	1	1	1	1	1	1	1	1	1	1
mPonAbe1_numt682	0	0	0	1	1	1	1	0	1	1	1	1	1	1	1
mPonAbe1_numt683	0	0	0	0	1	1	1	0	1	1	1	1	1	1	1
mPonAbe1_numt684	0	0	1	1	1	1	1	1	1	1	1	1	1	1	1
mPonAbe1_numt685	0	1	0	1	1	1	1	1	1	1	1	1	1	1	1
mPonAbe1_numt686	1	1	1	1	1	1	1	1	1	1	1	1	1	1	1
mPonAbe1_numt687	1	1	1	1	1	1	1	1	1	1	1	1	1	1	1
mPonAbe1_numt688	0	0	0	0	1	1	1	0	1	1	1	1	1	1	1
mPonAbe1_numt689	0	0	0	0	1	1	NaN	NaN	NaN	NaN	NaN	NaN	NaN	NaN	NaN
mPonAbe1_numt690	1	1	1	1	1	1	1	0	1	1	1	1	1	1	1
mPonAbe1_numt691	0	0	0	0	1	0	1	0	1	1	1	1	1	1	1
mPonAbe1_numt692	1	1	1	1	1	1	1	0	1	1	1	1	1	0	1
mPonAbe1_numt693	0	0	0	0	1	1	1	0	1	1	1	1	1	1	1
mPonAbe1_numt694	0	0	0	0	1	1	1	1	1	1	1	1	1	1	1
mPonAbe1_numt695	0	0	0	0	1	1	1	0	1	1	1	1	1	0	1
mPonAbe1_numt696	0	0	0	0	1	1	1	1	1	1	1	1	1	0	1
mPonAbe1_numt697	0	0	0	0	1	1	1	0	1	1	1	1	1	0	1
mPonAbe1_numt698	0	0	0	0	1	1	1	1	1	1	1	1	1	1	1
mPonAbe1_numt699	0	0	0	0	1	1	1	1	1	1	1	1	1	0	1
mPonAbe1_numt700	0	0	0	0	1	1	1	1	1	1	1	1	1	0	1
mPonAbe1_numt701	0	0	0	0	1	1	1	0	1	1	1	1	1	1	1
mPonAbe1_numt702	0	0	0	0	1	1	1	0	1	1	1	1	1	0	1
mPonAbe1_numt703	0	0	0	0	1	1	1	1	1	1	1	1	1	1	1
mPonAbe1_numt704	0	0	0	0	1	1	1	0	1	1	1	1	1	1	1
mPonAbe1_numt705	1	1	1	1	1	1	NaN	NaN	NaN	NaN	NaN	NaN	NaN	NaN	NaN
mPonAbe1_numt706	0	0	0	0	1	1	1	0	1	1	1	1	1	1	1
mPonAbe1_numt707	1	1	1	1	1	1	1	1	1	1	1	1	1	1	1
mPonAbe1_numt708	1	1	1	1	1	1	1	1	1	1	1	1	1	1	1
mPonAbe1_numt709	1	1	1	1	1	1	1	0	1	1	1	1	1	0	1
mPonAbe1_numt710	1	1	1	1	1	1	1	1	1	1	1	1	1	1	1
mPonAbe1_numt711	0	0	0	0	1	1	1	1	1	1	1	1	1	1	1
mPonAbe1_numt712	0	0	0	0	1	1	1	1	1	1	1	0	1	1	1
mPonAbe1_numt713	0	0	0	0	1	1	1	1	1	1	1	0	1	1	1
mPonAbe1_numt714	0	0	0	0	1	1	1	1	1	1	1	0	1	1	1
mPonAbe1_numt715	0	0	0	0	1	1	1	1	1	1	1	0	1	1	1
mPonAbe1_numt716	0	0	0	0	1	1	1	0	1	1	1	0	1	1	1
mPonAbe1_numt717	0	0	0	0	1	1	1	0	1	1	1	0	1	1	1
mPonAbe1_numt718	0	0	0	0	1	1	1	0	1	1	1	0	1	1	1
mPonAbe1_numt719	0	0	0	0	1	1	1	1	1	1	1	1	1	1	1
mPonAbe1_numt720	0	0	0	0	1	1	1	0	1	1	1	1	1	1	1
mPonAbe1_numt721	NaN	NaN	NaN	NaN	NaN	NaN	1	1	1	1	1	1	1	1	1
mPonAbe1_numt722	0	0	0	0	1	0	1	1	1	1	1	1	1	1	1
mPonAbe1_numt723	0	0	0	0	1	0	1	1	1	1	1	1	1	1	1
mPonAbe1_numt724	1	1	1	0	1	1	1	1	1	1	1	1	1	1	1
mPonAbe1_numt725	1	1	1	1	1	1	1	1	1	1	1	1	1	1	1
mPonAbe1_numt726	0	0	1	1	1	1	1	1	1	1	1	1	1	1	1
mPonAbe1_numt727	1	1	1	1	1	1	1	1	1	1	1	1	1	1	1
mPonAbe1_numt728	1	1	1	1	1	1	1	0	1	1	1	1	1	1	1
mPonAbe1_numt729	0	0	0	0	1	1	1	0	1	1	1	1	1	1	1
mPonAbe1_numt730	1	1	1	1	1	1	1	1	1	1	1	1	1	0	1
mPonAbe1_numt731	1	1	1	1	1	1	1	1	1	1	1	1	1	1	1
mPonAbe1_numt732	1	1	1	1	1	1	1	0	1	1	1	1	1	1	1
mPonAbe1_numt733	1	1	1	1	1	1	1	0	1	1	1	1	1	1	1
mPonAbe1_numt734	1	1	1	1	1	1	1	1	1	1	1	1	1	0	1
mPonAbe1_numt735	NaN	NaN	NaN	NaN	NaN	NaN	1	1	1	1	1	1	1	1	1
mPonAbe1_numt736	0	0	0	0	1	0	1	1	1	1	1	1	1	1	1
mPonAbe1_numt737	1	1	1	1	1	1	1	1	1	1	1	1	1	0	1
mPonAbe1_numt738	1	1	0	1	1	1	1	1	1	1	1	1	1	0	1
mPonAbe1_numt739	1	1	1	1	1	1	1	1	1	1	1	1	1	1	1
mPonAbe1_numt740	1	1	1	1	1	1	1	1	1	1	1	1	1	1	1
mPonAbe1_numt741	1	1	1	1	1	1	1	0	1	1	1	1	1	1	1
mPonAbe1_numt742	1	1	1	1	1	1	1	1	1	1	1	1	1	1	1
mPonAbe1_numt743	1	1	0	1	1	1	1	1	1	1	1	1	1	1	1
mPonAbe1_numt744	1	1	1	1	1	1	1	1	1	1	1	1	1	1	1
mPonAbe1_numt745	1	1	1	1	1	1	1	1	1	1	1	1	1	1	1
mPonAbe1_numt746	1	1	1	1	1	1	1	1	1	1	1	1	1	1	1
mPonAbe1_numt747	0	0	0	0	1	1	1	0	1	1	1	1	1	1	1
mPonAbe1_numt748	1	1	1	1	1	1	1	0	1	1	1	1	1	1	1
mPonAbe1_numt749	1	1	1	1	1	1	1	0	1	1	1	1	1	0	1
mPonAbe1_numt750	1	1	1	1	1	1	1	1	1	1	1	1	1	0	1
mPonAbe1_numt751	1	1	1	1	1	1	1	1	1	1	1	1	1	1	1
mPonAbe1_numt752	1	1	1	1	1	1	1	1	1	1	1	1	1	1	1
mPonAbe1_numt753	1	1	1	1	1	1	1	0	1	1	1	1	1	1	1
mPonAbe1_numt754	1	1	1	1	1	1	1	0	1	1	1	1	1	1	1
mPonAbe1_numt755	1	1	1	1	1	1	1	1	1	1	1	1	1	1	1
mPonAbe1_numt756	1	1	1	1	1	1	1	1	1	1	1	1	1	1	1
mPonAbe1_numt757	1	1	1	1	1	1	1	1	1	1	1	1	1	1	1
mPonAbe1_numt758	1	1	1	1	1	1	1	1	1	1	1	1	1	1	1
mPonAbe1_numt759	1	1	1	1	1	1	1	1	1	1	1	1	1	1	1
mPonAbe1_numt760	0	0	1	0	1	1	1	0	1	1	1	1	1	1	1
mPonAbe1_numt761	1	1	1	1	1	0	1	1	1	1	1	1	1	1	1
mPonAbe1_numt762	1	1	1	1	1	1	1	1	1	1	1	1	1	1	1
mPonAbe1_numt763	1	1	1	1	1	1	1	1	1	1	1	1	1	0	1
mPonAbe1_numt764	1	1	1	1	1	1	1	1	1	1	1	1	1	1	1
mPonAbe1_numt765	0	0	0	0	1	1	1	0	1	1	1	1	1	1	1
mPonAbe1_numt766	0	0	0	0	1	1	1	1	1	1	1	1	1	0	1
mPonAbe1_numt767	0	0	0	0	1	1	1	1	1	1	1	1	1	1	1
mPonAbe1_numt768	1	1	1	1	1	1	1	1	1	1	1	1	1	1	1
mPonAbe1_numt769	1	1	1	1	1	1	1	1	1	1	1	1	1	0	1
mPonAbe1_numt770	1	1	1	1	1	1	1	0	1	1	1	1	1	1	1
mPonAbe1_numt771	0	0	0	0	1	0	1	0	1	1	1	1	1	0	1
mPonAbe1_numt772	1	1	1	1	1	0	1	1	1	1	1	1	1	1	1
mPonAbe1_numt773	1	1	1	1	1	1	1	1	1	1	1	1	1	0	1
mPonAbe1_numt774	1	1	1	1	1	1	1	1	1	1	1	1	1	1	1
mPonAbe1_numt775	0	1	1	1	1	1	1	1	1	1	1	1	1	1	1
mPonAbe1_numt776	1	1	1	1	1	1	1	1	1	1	1	1	1	0	1
mPonAbe1_numt777	0	0	0	0	1	1	1	0	1	1	1	1	1	1	1
mPonAbe1_numt778	0	0	0	0	1	1	0	0	0	0	0	0	1	1	1
mPonAbe1_numt779	0	0	0	0	1	1	0	0	0	0	1	0	1	1	1
mPonAbe1_numt780	0	0	0	0	1	1	0	0	0	0	0	0	1	0	1
mPonAbe1_numt781	0	0	0	0	1	1	0	0	0	0	0	0	1	1	1
mPonAbe1_numt782	0	0	0	0	1	1	0	0	0	0	1	0	1	1	1
mPonAbe1_numt783	0	0	0	0	1	0	0	0	0	0	0	0	1	1	1
mPonAbe1_numt784	0	0	0	0	1	0	0	0	0	1	1	0	1	1	1
mPonAbe1_numt785	0	0	0	0	1	1	0	0	0	0	0	0	1	1	1
mPonAbe1_numt786	0	0	0	0	1	1	0	0	0	0	0	0	1	0	1
mPonAbe1_numt787	NaN	NaN	NaN	NaN	NaN	NaN	0	0	0	0	0	0	1	1	1
mPonAbe1_numt788	0	0	0	0	1	1	0	0	0	0	0	0	1	0	1
mPonAbe1_numt789	0	0	0	0	1	1	0	0	0	0	0	0	1	0	1
mPonAbe1_numt790	0	0	0	0	1	1	0	0	0	0	0	0	1	0	1
mPonAbe1_numt791	0	0	0	0	1	1	0	0	0	0	0	0	1	1	1
mPonAbe1_numt792	0	0	0	0	1	1	0	0	1	0	0	0	1	1	1
mPonAbe1_numt793	0	0	0	0	1	1	0	0	0	0	0	0	1	1	1
mPonAbe1_numt794	0	0	0	0	1	1	0	0	0	0	0	0	1	0	1
mPonAbe1_numt795	0	0	0	0	1	1	0	0	0	0	0	0	1	0	1
mPonAbe1_numt796	0	0	0	0	1	1	0	0	0	0	0	0	1	0	1
mPonAbe1_numt797	0	0	0	0	1	1	0	0	0	0	0	0	1	1	1
mPonAbe1_numt798	0	0	0	0	1	1	0	0	0	0	0	0	1	1	1
mPonAbe1_numt799	0	0	0	0	1	1	0	0	1	0	0	0	1	1	1
mPonAbe1_numt800	0	0	0	0	1	1	0	0	0	0	0	0	1	1	1
mPonAbe1_numt801	0	0	0	0	1	1	0	0	0	0	0	0	1	1	1
mPonAbe1_numt802	0	0	0	0	1	1	0	0	0	0	0	0	1	1	1
mPonAbe1_numt803	0	0	0	0	1	1	0	0	0	0	0	0	1	1	1
mPonAbe1_numt804	0	0	0	0	1	1	0	0	0	0	0	0	1	0	1
mPonAbe1_numt805	0	0	0	0	1	1	0	0	1	0	0	0	1	0	1
mPonAbe1_numt806	0	0	0	0	1	1	0	0	1	0	0	0	1	0	1
mPonAbe1_numt807	0	0	0	0	1	1	0	0	0	0	0	0	1	0	1
mPonAbe1_numt808	0	0	0	0	1	1	0	0	0	0	0	0	1	0	1
mPonAbe1_numt809	0	0	0	0	1	1	0	0	1	1	0	0	1	1	1
mPonAbe1_numt810	0	0	0	0	1	1	0	0	1	0	0	0	1	1	1
mPonAbe1_numt811	0	0	0	0	1	1	0	0	0	0	0	0	1	1	1
mPonAbe1_numt812	0	0	0	0	1	1	0	0	0	0	0	0	1	0	1
mPonAbe1_numt813	0	0	0	0	1	1	0	0	1	0	0	0	1	1	1
mPonAbe1_numt814	0	0	0	0	1	1	0	0	0	0	0	0	1	1	1
mPonAbe1_numt815	0	0	0	0	1	1	0	0	0	0	0	0	1	1	1
mPonAbe1_numt816	0	0	0	0	1	1	0	0	1	0	0	0	1	0	1
mPonAbe1_numt817	0	0	0	0	1	1	0	0	0	0	0	0	1	1	1
mPonAbe1_numt818	0	0	0	0	1	1	1	0	1	1	0	0	1	1	1
mPonAbe1_numt819	0	0	0	0	1	1	0	0	0	0	0	0	1	1	1
mPonAbe1_numt820	0	0	0	0	1	1	1	0	0	0	1	0	1	1	1
