NUMT_ID	Bonobo	Chimpanzee	Human	Gorilla	Sorang	Borang	Catherine	Hermien	Hortense	Kombote	Natalie	Desmond
mPanPan1_numt1	1	1	1	1	1	0	1	1	1	1	1	1
mPanPan1_numt2	1	1	1	1	1	1	1	1	1	1	1	1
mPanPan1_numt3	1	1	1	1	1	1	1	1	1	1	1	1
mPanPan1_numt4	1	1	1	1	0	0	1	1	1	1	1	1
mPanPan1_numt5	1	1	0	0	0	0	1	1	1	1	1	1
mPanPan1_numt6	1	1	0	0	0	0	1	1	1	1	1	1
mPanPan1_numt7	1	1	0	1	0	0	1	1	1	1	1	1
mPanPan1_numt8	1	0	0	0	0	0	1	1	1	1	1	0
mPanPan1_numt9	1	1	0	0	0	0	1	1	1	1	1	1
mPanPan1_numt10	1	1	0	1	0	0	1	1	1	1	1	1
mPanPan1_numt11	1	1	0	1	0	0	1	1	1	1	1	1
mPanPan1_numt12	1	1	0	1	0	0	1	1	1	1	1	1
mPanPan1_numt13	1	1	0	1	0	0	1	1	1	1	1	1
mPanPan1_numt14	1	0	0	1	0	0	1	1	1	1	1	1
mPanPan1_numt15	1	0	0	1	0	0	1	1	1	1	1	1
mPanPan1_numt16	1	1	0	1	0	0	1	1	1	1	1	1
mPanPan1_numt17	1	1	0	1	0	0	1	1	1	1	1	1
mPanPan1_numt18	1	1	0	1	0	0	1	1	1	1	1	1
mPanPan1_numt19	1	1	0	1	0	0	1	1	1	1	1	1
mPanPan1_numt20	1	1	0	0	0	0	1	1	0	1	1	1
mPanPan1_numt21	1	1	1	1	1	1	NaN	NaN	NaN	NaN	NaN	NaN
mPanPan1_numt22	1	1	1	1	1	1	1	1	1	1	1	1
mPanPan1_numt23	1	1	1	1	1	1	1	1	1	1	1	1
mPanPan1_numt24	1	1	1	1	1	1	1	1	0	1	1	1
mPanPan1_numt25	1	1	0	1	0	0	1	1	1	1	1	1
mPanPan1_numt26	1	1	1	1	1	1	1	1	1	1	1	1
mPanPan1_numt27	1	1	0	0	0	0	1	1	1	1	1	1
mPanPan1_numt28	1	0	0	0	0	0	1	1	1	1	1	1
mPanPan1_numt29	1	1	0	0	0	0	1	0	1	1	0	1
mPanPan1_numt30	1	1	0	0	0	0	1	1	1	1	1	1
mPanPan1_numt31	1	1	0	0	0	0	1	1	1	1	1	1
mPanPan1_numt32	1	1	0	0	0	0	1	1	1	1	1	1
mPanPan1_numt33	1	1	0	0	0	0	1	1	1	1	1	1
mPanPan1_numt34	1	1	0	0	0	0	1	1	1	1	1	1
mPanPan1_numt35	1	1	0	0	0	0	1	1	1	1	1	1
mPanPan1_numt36	1	1	0	0	1	1	1	1	1	1	1	1
mPanPan1_numt37	1	1	1	1	0	0	1	1	1	1	1	1
mPanPan1_numt38	1	1	1	1	0	0	1	1	1	1	1	1
mPanPan1_numt39	1	1	0	0	1	1	1	1	1	1	1	1
mPanPan1_numt40	1	1	0	0	1	1	1	1	1	1	1	1
mPanPan1_numt41	1	1	1	1	0	0	1	1	1	1	1	1
mPanPan1_numt42	1	1	1	1	0	0	1	1	1	1	1	1
mPanPan1_numt43	1	1	1	1	0	0	1	1	1	1	1	1
mPanPan1_numt44	1	1	1	1	0	0	1	1	1	1	1	1
mPanPan1_numt45	1	1	1	1	1	1	1	1	1	1	1	1
mPanPan1_numt46	1	1	1	1	1	1	1	1	1	1	1	1
mPanPan1_numt47	1	1	1	1	1	1	1	1	1	1	1	1
mPanPan1_numt48	1	1	1	1	1	1	1	1	1	1	1	1
mPanPan1_numt49	1	1	1	1	1	1	1	1	1	1	1	1
mPanPan1_numt50	1	1	1	1	1	1	1	1	1	1	1	1
mPanPan1_numt51	1	1	1	1	0	0	1	1	1	1	1	1
mPanPan1_numt52	1	1	1	1	0	0	1	1	1	1	1	1
mPanPan1_numt53	1	1	0	1	1	1	1	1	1	1	1	1
mPanPan1_numt54	1	1	0	1	1	1	1	1	1	1	1	1
mPanPan1_numt55	1	1	0	1	1	1	1	1	1	1	1	1
mPanPan1_numt56	1	1	0	1	1	1	1	1	1	1	1	1
mPanPan1_numt57	1	1	0	1	1	1	1	1	1	1	1	1
mPanPan1_numt58	1	1	0	1	0	0	1	1	1	1	1	1
mPanPan1_numt59	NaN	NaN	NaN	NaN	NaN	NaN	1	1	1	1	1	1
mPanPan1_numt60	1	0	0	0	0	0	1	1	1	1	1	1
mPanPan1_numt61	1	1	0	1	1	1	1	1	1	1	1	1
mPanPan1_numt62	1	1	0	1	0	0	1	1	1	1	1	1
mPanPan1_numt63	1	1	0	1	1	1	1	1	1	1	1	1
mPanPan1_numt64	1	1	0	1	0	0	0	1	1	1	1	1
mPanPan1_numt65	NaN	NaN	NaN	NaN	NaN	NaN	1	1	1	1	1	1
mPanPan1_numt66	1	1	0	1	1	1	1	1	1	1	1	1
mPanPan1_numt67	1	0	0	0	0	0	1	1	1	1	1	1
mPanPan1_numt68	1	1	1	1	0	0	1	1	1	1	1	1
mPanPan1_numt69	1	1	0	0	0	0	1	1	1	1	1	1
mPanPan1_numt70	1	1	0	0	0	0	1	1	1	1	1	1
mPanPan1_numt71	1	1	0	0	0	0	1	1	1	1	1	1
mPanPan1_numt72	1	1	0	0	0	0	1	1	1	1	1	1
mPanPan1_numt73	1	1	0	0	0	0	1	1	1	1	1	1
mPanPan1_numt74	1	1	0	1	0	0	1	1	1	1	1	1
mPanPan1_numt75	1	1	0	1	0	0	1	1	1	1	1	1
mPanPan1_numt76	1	1	0	1	0	0	1	1	1	1	1	1
mPanPan1_numt77	1	1	1	1	0	0	0	0	0	0	0	0
mPanPan1_numt78	1	0	1	0	0	0	1	1	1	1	1	1
mPanPan1_numt79	1	0	1	0	0	0	1	1	1	1	1	1
mPanPan1_numt80	1	0	1	0	0	0	1	1	0	1	1	0
mPanPan1_numt81	1	1	1	1	0	0	0	0	0	0	0	0
mPanPan1_numt82	1	1	0	1	1	0	1	1	1	1	1	1
mPanPan1_numt83	1	1	0	0	0	0	1	1	1	1	1	1
mPanPan1_numt84	1	1	0	1	0	0	1	1	1	1	1	1
mPanPan1_numt85	1	1	0	0	0	0	1	1	1	1	1	1
mPanPan1_numt86	1	1	0	1	0	0	1	1	1	1	1	1
mPanPan1_numt87	1	0	0	0	0	0	1	1	1	1	1	1
mPanPan1_numt88	1	1	0	1	1	1	1	1	1	1	1	1
mPanPan1_numt89	1	1	0	1	1	1	1	1	1	1	1	1
mPanPan1_numt90	1	1	0	1	1	1	1	1	1	1	1	1
mPanPan1_numt91	1	1	0	1	1	1	1	1	1	1	1	1
mPanPan1_numt92	1	1	0	0	0	0	1	1	1	1	1	1
mPanPan1_numt93	1	1	0	1	0	0	1	1	1	1	1	1
mPanPan1_numt94	1	1	0	1	1	1	1	1	1	1	1	1
mPanPan1_numt95	1	1	0	1	1	1	1	1	1	1	1	1
mPanPan1_numt96	1	1	0	1	0	0	1	1	1	1	1	1
mPanPan1_numt97	1	1	0	1	1	1	1	1	1	1	1	1
mPanPan1_numt98	1	1	0	1	0	0	1	1	1	1	1	1
mPanPan1_numt99	1	0	0	0	0	0	1	1	1	1	0	0
mPanPan1_numt100	1	1	0	1	1	1	1	1	1	1	1	1
mPanPan1_numt101	1	1	0	1	1	1	1	1	1	1	1	1
mPanPan1_numt102	1	0	0	0	0	0	1	1	1	1	1	1
mPanPan1_numt103	1	1	1	1	0	0	1	1	1	1	1	1
mPanPan1_numt104	1	1	1	1	0	0	1	1	1	1	1	1
mPanPan1_numt105	1	1	1	1	0	0	1	1	1	1	1	1
mPanPan1_numt106	1	1	1	1	0	0	1	1	1	1	1	1
mPanPan1_numt107	1	1	1	1	0	0	1	1	1	1	1	1
mPanPan1_numt108	1	1	1	1	0	0	1	1	1	1	1	1
mPanPan1_numt109	1	1	1	1	0	0	1	1	1	1	1	1
mPanPan1_numt110	1	1	1	1	0	0	1	1	1	1	1	1
mPanPan1_numt111	1	0	0	0	0	0	1	1	1	1	1	1
mPanPan1_numt112	1	0	0	0	0	0	1	1	1	1	1	1
mPanPan1_numt113	NaN	NaN	NaN	NaN	NaN	NaN	1	1	1	1	1	1
mPanPan1_numt114	1	0	0	0	0	0	1	1	1	1	1	1
mPanPan1_numt115	1	0	0	0	0	0	1	1	1	1	1	1
mPanPan1_numt116	1	0	0	0	0	0	1	1	1	1	1	1
mPanPan1_numt117	1	0	0	0	0	0	1	1	1	1	1	1
mPanPan1_numt118	1	0	0	0	0	0	1	1	1	1	1	1
mPanPan1_numt119	1	0	0	0	0	0	1	1	1	1	1	1
mPanPan1_numt120	1	0	0	0	0	0	1	1	1	1	1	1
mPanPan1_numt121	1	0	0	0	0	0	1	1	1	1	1	1
mPanPan1_numt122	1	0	1	0	0	0	1	1	1	1	1	1
mPanPan1_numt123	1	0	1	0	0	0	1	1	1	1	1	1
mPanPan1_numt124	1	0	1	0	0	0	1	1	1	1	1	1
mPanPan1_numt125	1	1	0	1	1	1	1	1	1	1	1	1
mPanPan1_numt126	NaN	NaN	NaN	NaN	NaN	NaN	1	1	1	1	1	1
mPanPan1_numt127	1	1	0	1	0	0	1	1	1	1	1	1
mPanPan1_numt128	1	1	0	1	0	0	1	1	1	1	1	1
mPanPan1_numt129	1	1	1	0	0	0	1	1	1	1	1	1
mPanPan1_numt130	1	1	1	0	0	0	1	1	1	1	1	1
mPanPan1_numt131	NaN	NaN	NaN	NaN	NaN	NaN	1	1	1	1	1	1
mPanPan1_numt132	1	1	1	0	0	0	1	0	1	1	1	1
mPanPan1_numt133	1	0	0	0	0	0	1	1	1	1	1	1
mPanPan1_numt134	1	0	0	0	1	1	1	1	1	1	1	1
mPanPan1_numt135	1	0	0	0	1	1	1	1	1	1	1	1
mPanPan1_numt136	1	0	0	0	1	1	1	1	1	1	1	1
mPanPan1_numt137	1	0	0	0	1	1	NaN	NaN	NaN	NaN	NaN	NaN
mPanPan1_numt138	1	0	0	0	1	1	1	1	1	1	1	1
mPanPan1_numt139	1	0	0	0	0	0	1	1	1	1	1	1
mPanPan1_numt140	1	1	1	1	0	0	1	1	1	1	1	1
mPanPan1_numt141	1	1	1	1	1	1	1	1	1	1	1	1
mPanPan1_numt142	1	1	0	0	0	0	1	1	1	1	1	0
mPanPan1_numt143	1	1	0	0	0	0	1	1	1	1	1	1
mPanPan1_numt144	1	1	1	0	1	1	1	1	1	1	1	1
mPanPan1_numt145	1	1	1	1	1	1	1	1	1	1	1	1
mPanPan1_numt146	1	1	1	1	1	1	1	1	1	1	1	1
mPanPan1_numt147	1	1	1	1	1	1	1	1	1	1	1	1
mPanPan1_numt148	1	0	1	1	1	1	1	1	1	1	1	1
mPanPan1_numt149	1	1	1	1	1	1	1	1	1	1	1	1
mPanPan1_numt150	1	1	1	1	1	1	1	1	1	1	1	1
mPanPan1_numt151	1	1	1	1	1	1	1	1	1	1	1	1
mPanPan1_numt152	1	1	1	1	1	1	1	1	1	1	1	1
mPanPan1_numt153	NaN	NaN	NaN	NaN	NaN	NaN	1	1	1	1	1	1
mPanPan1_numt154	1	1	1	1	0	0	1	1	1	1	1	1
mPanPan1_numt155	1	1	1	1	1	1	1	1	1	1	1	1
mPanPan1_numt156	1	1	1	1	1	1	1	1	1	1	1	1
mPanPan1_numt157	1	1	1	1	1	1	1	1	1	1	1	1
mPanPan1_numt158	1	1	1	1	1	1	1	1	1	1	1	1
mPanPan1_numt159	1	1	1	1	1	1	1	1	1	1	1	1
mPanPan1_numt160	1	1	1	1	1	1	1	1	1	1	1	1
mPanPan1_numt161	1	1	0	0	0	0	1	1	1	1	1	1
mPanPan1_numt162	1	1	1	1	1	1	1	1	1	1	1	1
mPanPan1_numt163	1	1	1	1	1	1	1	1	1	1	1	1
mPanPan1_numt164	1	1	1	1	1	1	1	1	1	1	1	1
mPanPan1_numt165	1	1	1	1	1	1	1	1	1	1	1	1
mPanPan1_numt166	1	1	1	1	1	1	1	1	1	1	1	1
mPanPan1_numt167	1	1	1	0	0	0	1	1	1	1	1	1
mPanPan1_numt168	1	1	1	1	1	1	1	1	1	1	1	1
mPanPan1_numt169	1	1	1	1	0	0	1	1	1	1	1	1
mPanPan1_numt170	1	1	1	1	1	1	1	1	1	1	1	1
mPanPan1_numt171	1	1	0	1	1	1	1	1	1	1	1	1
mPanPan1_numt172	1	1	0	1	0	0	1	1	1	1	1	1
mPanPan1_numt173	1	1	1	1	0	0	1	1	1	1	1	1
mPanPan1_numt174	1	1	1	0	0	0	1	1	1	1	1	1
mPanPan1_numt175	1	1	1	0	0	0	1	1	1	1	1	1
mPanPan1_numt176	1	1	1	0	0	0	1	1	1	1	1	1
mPanPan1_numt177	1	1	1	0	0	0	1	1	1	1	1	1
mPanPan1_numt178	1	1	1	0	0	0	1	1	1	1	1	1
mPanPan1_numt179	1	1	1	0	0	0	1	1	1	1	1	1
mPanPan1_numt180	1	1	1	1	1	1	1	1	1	1	1	1
mPanPan1_numt181	1	1	1	1	1	1	1	1	1	1	1	1
mPanPan1_numt182	1	1	1	1	1	1	1	1	1	1	1	1
mPanPan1_numt183	1	1	1	1	1	1	1	1	1	1	1	1
mPanPan1_numt184	1	1	1	1	1	1	1	1	1	1	1	1
mPanPan1_numt185	1	1	1	1	1	1	1	1	1	1	1	1
mPanPan1_numt186	1	1	1	1	1	1	1	1	1	1	1	1
mPanPan1_numt187	1	1	1	1	1	1	1	1	1	1	1	1
mPanPan1_numt188	1	1	1	1	0	0	1	1	1	1	1	1
mPanPan1_numt189	1	1	1	1	0	0	1	1	1	1	1	1
mPanPan1_numt190	1	1	0	1	1	1	1	1	1	1	1	1
mPanPan1_numt191	1	1	1	1	1	1	1	1	1	1	1	1
mPanPan1_numt192	1	1	1	1	0	0	1	1	1	1	1	1
mPanPan1_numt193	1	1	1	1	1	1	1	1	1	1	1	1
mPanPan1_numt194	1	1	0	1	1	1	1	1	1	1	1	1
mPanPan1_numt195	1	1	1	1	1	1	1	1	1	1	1	1
mPanPan1_numt196	1	1	1	1	1	1	1	1	1	1	1	1
mPanPan1_numt197	1	1	1	1	1	1	1	1	1	1	1	1
mPanPan1_numt198	1	1	0	0	0	0	1	1	1	1	1	1
mPanPan1_numt199	1	1	1	0	0	0	1	1	0	1	1	1
mPanPan1_numt200	1	1	1	0	0	0	1	1	1	1	1	1
mPanPan1_numt201	1	1	1	0	0	0	1	1	1	1	1	1
mPanPan1_numt202	1	1	1	1	0	0	1	1	1	1	1	1
mPanPan1_numt203	1	1	1	1	0	0	1	1	1	1	1	1
mPanPan1_numt204	1	1	1	1	0	0	1	1	1	1	1	1
mPanPan1_numt205	1	1	0	0	0	0	1	1	1	1	1	1
mPanPan1_numt206	1	1	1	0	1	1	1	1	1	1	1	1
mPanPan1_numt207	1	1	0	0	0	0	1	1	1	1	1	1
mPanPan1_numt208	1	1	0	0	0	0	1	1	1	1	1	1
mPanPan1_numt209	1	1	1	1	1	1	1	1	1	1	1	1
mPanPan1_numt210	1	0	0	0	0	0	1	1	1	1	1	1
mPanPan1_numt211	1	1	1	1	1	1	1	1	1	1	1	1
mPanPan1_numt212	1	1	1	0	1	1	1	1	1	1	1	1
mPanPan1_numt213	1	1	1	0	1	1	1	1	1	1	1	1
mPanPan1_numt214	1	1	1	0	1	1	1	1	1	1	1	1
mPanPan1_numt215	1	1	1	0	1	1	1	1	1	1	1	1
mPanPan1_numt216	1	1	1	1	0	1	1	1	1	1	1	1
mPanPan1_numt217	NaN	NaN	NaN	NaN	NaN	NaN	1	1	1	1	1	1
mPanPan1_numt218	1	1	1	0	0	0	1	1	1	1	1	1
mPanPan1_numt219	1	1	1	0	0	0	1	1	1	1	1	1
mPanPan1_numt220	1	1	1	0	0	0	1	1	1	1	1	1
mPanPan1_numt221	1	1	1	0	0	0	1	1	1	1	1	1
mPanPan1_numt222	1	1	1	1	1	1	1	1	1	1	1	1
mPanPan1_numt223	1	1	1	1	1	1	0	1	0	0	1	1
mPanPan1_numt224	1	1	1	1	0	0	1	1	1	1	1	1
mPanPan1_numt225	1	1	1	1	1	1	0	0	1	0	1	1
mPanPan1_numt226	1	1	1	1	0	0	1	0	1	1	1	1
mPanPan1_numt227	1	1	1	1	1	1	1	1	1	1	1	1
mPanPan1_numt228	1	1	1	0	0	0	1	1	1	1	1	1
mPanPan1_numt229	1	1	1	1	1	1	1	1	1	1	1	1
mPanPan1_numt230	1	1	0	0	0	0	1	1	1	1	1	1
mPanPan1_numt231	1	1	1	1	0	0	1	1	1	1	1	1
mPanPan1_numt232	1	1	1	1	1	1	1	0	1	1	1	1
mPanPan1_numt233	1	1	1	1	1	1	1	1	1	1	1	1
mPanPan1_numt234	1	1	1	1	0	0	1	1	1	1	1	1
mPanPan1_numt235	1	1	0	0	0	0	1	1	1	1	1	1
mPanPan1_numt236	1	1	0	0	0	0	1	1	1	1	1	1
mPanPan1_numt237	1	0	0	0	0	0	1	1	1	1	1	1
mPanPan1_numt238	1	1	1	0	0	0	1	1	1	1	1	1
mPanPan1_numt239	1	1	1	0	0	0	1	1	1	1	1	1
mPanPan1_numt240	1	1	1	0	0	0	1	1	1	1	1	1
mPanPan1_numt241	1	1	1	1	1	1	0	1	1	0	1	1
mPanPan1_numt242	1	1	0	1	0	0	1	1	1	1	1	1
mPanPan1_numt243	1	1	1	1	0	0	1	1	1	1	1	1
mPanPan1_numt244	1	1	1	1	1	1	1	1	1	1	1	1
mPanPan1_numt245	1	1	0	0	0	0	1	1	1	1	1	1
mPanPan1_numt246	1	1	1	1	1	1	1	1	1	1	1	1
mPanPan1_numt247	1	1	1	1	1	1	1	1	1	1	1	1
mPanPan1_numt248	1	1	1	1	1	1	1	1	1	1	1	1
mPanPan1_numt249	1	1	1	1	1	1	1	1	1	1	1	1
mPanPan1_numt250	1	1	1	1	0	0	1	1	1	1	1	1
mPanPan1_numt251	1	1	1	1	1	1	1	1	1	1	1	1
mPanPan1_numt252	1	1	1	1	1	1	1	1	1	0	1	1
mPanPan1_numt253	1	0	0	0	0	0	1	1	1	1	1	1
mPanPan1_numt254	1	1	0	0	0	0	1	1	1	1	1	1
mPanPan1_numt255	1	1	1	1	0	0	1	1	1	1	1	1
mPanPan1_numt256	NaN	NaN	NaN	NaN	NaN	NaN	1	1	1	1	1	1
mPanPan1_numt257	1	1	1	0	0	0	1	1	1	1	1	1
mPanPan1_numt258	1	1	1	0	0	0	1	1	1	1	1	1
mPanPan1_numt259	1	1	1	0	0	0	1	1	1	1	1	1
mPanPan1_numt260	1	0	1	1	1	1	1	1	1	1	1	1
mPanPan1_numt261	1	1	0	0	1	1	0	1	1	1	1	1
mPanPan1_numt262	NaN	NaN	NaN	NaN	NaN	NaN	1	1	1	1	1	1
mPanPan1_numt263	1	1	1	1	0	1	1	1	1	1	1	1
mPanPan1_numt264	1	1	1	1	1	0	1	1	1	1	1	1
mPanPan1_numt265	1	1	0	0	0	0	1	1	0	1	1	1
mPanPan1_numt266	1	1	0	0	0	0	1	1	1	1	1	1
mPanPan1_numt267	1	1	0	1	0	0	1	1	1	1	1	1
mPanPan1_numt268	1	1	0	1	0	0	1	1	1	1	1	1
mPanPan1_numt269	1	1	0	1	1	1	1	1	1	1	1	1
mPanPan1_numt270	1	1	0	1	0	1	1	1	1	1	1	1
mPanPan1_numt271	1	1	1	0	0	0	1	1	1	1	1	1
mPanPan1_numt272	1	1	1	0	1	1	1	1	1	1	1	1
mPanPan1_numt273	1	1	0	0	0	0	1	1	1	1	1	1
mPanPan1_numt274	1	1	1	0	0	0	1	1	1	1	1	1
mPanPan1_numt275	1	1	1	0	0	0	1	1	1	1	1	1
mPanPan1_numt276	1	1	1	0	0	0	1	1	1	1	1	1
mPanPan1_numt277	1	1	1	0	1	1	1	1	1	1	1	1
mPanPan1_numt278	1	1	1	0	1	1	1	1	1	1	1	1
mPanPan1_numt279	1	1	1	0	1	1	1	1	1	1	1	1
mPanPan1_numt280	1	0	0	0	0	1	1	1	1	1	1	1
mPanPan1_numt281	1	1	0	1	1	1	1	1	1	1	1	1
mPanPan1_numt282	1	1	0	0	0	0	NaN	NaN	NaN	NaN	NaN	NaN
mPanPan1_numt283	1	1	0	0	1	1	1	1	1	1	1	1
mPanPan1_numt284	1	1	0	0	1	1	1	1	1	1	1	1
mPanPan1_numt285	1	1	0	0	1	1	1	1	1	1	1	1
mPanPan1_numt286	1	1	0	0	0	0	1	1	1	1	1	1
mPanPan1_numt287	1	1	0	0	1	1	1	1	1	1	1	1
mPanPan1_numt288	1	1	0	0	1	1	1	1	1	1	1	1
mPanPan1_numt289	1	1	0	1	1	1	1	1	1	1	1	1
mPanPan1_numt290	1	1	0	1	1	1	1	1	1	1	1	1
mPanPan1_numt291	1	1	0	1	1	1	1	1	1	1	1	1
mPanPan1_numt292	1	1	0	1	1	1	1	1	1	1	1	1
mPanPan1_numt293	1	1	0	1	1	1	1	1	1	1	1	1
mPanPan1_numt294	1	1	0	0	0	0	1	1	1	1	1	1
mPanPan1_numt295	1	1	0	1	1	1	1	1	1	1	1	1
mPanPan1_numt296	1	0	0	1	0	0	1	1	1	1	1	1
mPanPan1_numt297	1	1	0	0	0	0	1	1	1	1	1	1
mPanPan1_numt298	1	1	1	1	0	0	1	1	1	1	1	1
mPanPan1_numt299	1	1	0	1	1	1	1	1	1	1	1	1
mPanPan1_numt300	1	1	0	1	1	1	1	1	1	1	1	1
mPanPan1_numt301	1	1	0	0	0	0	1	1	1	1	1	1
mPanPan1_numt302	1	1	0	1	1	1	1	1	1	1	1	1
mPanPan1_numt303	1	1	0	1	1	1	1	1	1	1	1	1
mPanPan1_numt304	1	1	0	1	1	1	1	1	1	1	1	1
mPanPan1_numt305	1	1	0	1	1	1	1	1	1	1	1	1
mPanPan1_numt306	1	1	0	1	1	1	1	1	1	1	1	1
mPanPan1_numt307	1	1	0	1	1	1	1	1	1	1	1	1
mPanPan1_numt308	1	1	0	1	1	1	1	1	1	1	1	1
mPanPan1_numt309	1	1	0	1	1	1	1	1	1	1	1	1
mPanPan1_numt310	1	1	0	1	1	1	1	1	1	1	1	1
mPanPan1_numt311	1	1	0	1	1	1	1	1	1	1	1	1
mPanPan1_numt312	1	1	0	1	1	1	1	1	1	1	1	1
mPanPan1_numt313	1	0	0	0	0	0	1	1	0	0	0	1
mPanPan1_numt314	1	1	0	1	1	1	1	1	1	1	1	1
mPanPan1_numt315	1	1	0	1	1	1	1	1	1	1	1	1
mPanPan1_numt316	1	1	0	1	1	1	1	1	1	1	1	1
mPanPan1_numt317	1	0	0	0	0	0	1	1	1	1	1	1
mPanPan1_numt318	1	1	0	1	0	0	1	1	1	1	1	1
mPanPan1_numt319	NaN	NaN	NaN	NaN	NaN	NaN	1	1	1	1	1	1
mPanPan1_numt320	NaN	NaN	NaN	NaN	NaN	NaN	1	1	1	1	1	1
mPanPan1_numt321	NaN	NaN	NaN	NaN	NaN	NaN	1	1	1	1	1	1
mPanPan1_numt322	NaN	NaN	NaN	NaN	NaN	NaN	1	1	1	1	1	1
mPanPan1_numt323	NaN	NaN	NaN	NaN	NaN	NaN	1	1	1	1	1	1
mPanPan1_numt324	1	1	0	1	1	1	1	1	1	1	1	1
mPanPan1_numt325	1	1	0	1	1	1	1	1	1	1	1	1
mPanPan1_numt326	1	1	0	1	0	0	1	1	1	1	1	1
mPanPan1_numt327	1	1	0	1	1	1	1	1	1	1	1	1
mPanPan1_numt328	1	1	0	1	0	0	1	1	1	1	1	1
mPanPan1_numt329	1	1	0	1	1	1	1	1	1	1	1	1
mPanPan1_numt330	1	1	1	1	1	1	1	1	1	1	1	1
mPanPan1_numt331	1	1	1	1	1	1	1	1	1	1	1	1
mPanPan1_numt332	1	1	1	1	1	1	1	1	1	1	1	1
mPanPan1_numt333	1	1	1	0	0	0	1	1	1	1	1	1
mPanPan1_numt334	1	1	1	1	1	1	1	1	1	1	1	1
mPanPan1_numt335	1	1	1	1	1	1	NaN	NaN	NaN	NaN	NaN	NaN
mPanPan1_numt336	1	1	1	1	1	1	1	1	1	1	1	1
mPanPan1_numt337	1	1	1	1	1	1	1	1	1	1	1	1
mPanPan1_numt338	NaN	NaN	NaN	NaN	NaN	NaN	1	1	1	1	1	1
mPanPan1_numt339	1	1	0	0	0	0	1	1	1	1	1	1
mPanPan1_numt340	1	1	1	0	0	1	1	1	1	1	1	1
mPanPan1_numt341	1	1	1	1	1	1	1	1	1	1	1	1
mPanPan1_numt342	1	1	1	1	1	1	1	1	1	1	1	1
mPanPan1_numt343	1	1	1	1	1	1	1	1	1	1	1	1
mPanPan1_numt344	1	1	1	1	1	1	1	1	1	1	1	1
mPanPan1_numt345	1	1	1	1	1	1	1	1	1	1	1	1
mPanPan1_numt346	1	1	1	1	0	0	1	1	1	1	1	1
mPanPan1_numt347	1	1	1	1	1	1	1	1	1	1	1	1
mPanPan1_numt348	1	1	1	1	1	1	1	1	1	1	1	1
mPanPan1_numt349	1	1	1	1	1	1	1	1	1	1	1	1
mPanPan1_numt350	NaN	NaN	NaN	NaN	NaN	NaN	1	1	1	1	1	1
mPanPan1_numt351	1	1	0	0	0	0	0	1	1	1	1	1
mPanPan1_numt352	1	1	1	1	0	0	1	1	1	1	1	1
mPanPan1_numt353	1	0	0	0	0	0	1	1	1	1	1	1
mPanPan1_numt354	1	1	0	1	0	0	1	1	1	1	1	1
mPanPan1_numt355	1	1	1	1	0	0	1	1	1	1	1	1
mPanPan1_numt356	1	1	1	1	1	1	1	1	1	1	1	1
mPanPan1_numt357	1	1	0	1	0	0	1	1	1	1	1	1
mPanPan1_numt358	1	1	1	1	0	0	1	1	1	1	1	1
mPanPan1_numt359	1	1	1	1	0	0	1	1	1	1	1	1
mPanPan1_numt360	1	1	1	1	0	0	1	1	1	1	1	1
mPanPan1_numt361	1	1	1	1	0	0	1	1	1	1	1	1
mPanPan1_numt362	1	1	1	1	1	1	1	1	1	1	1	1
mPanPan1_numt363	1	1	1	1	1	1	1	1	1	1	1	1
mPanPan1_numt364	1	1	1	1	1	1	1	1	1	1	1	1
mPanPan1_numt365	1	1	1	0	0	0	1	1	0	1	1	1
mPanPan1_numt366	1	1	1	0	0	0	1	1	1	1	1	1
mPanPan1_numt367	1	1	1	0	0	0	1	1	0	1	1	1
mPanPan1_numt368	1	1	1	1	1	1	1	1	1	1	1	1
mPanPan1_numt369	1	1	1	1	0	0	1	1	1	1	1	1
mPanPan1_numt370	1	1	1	1	1	1	1	1	1	1	1	1
mPanPan1_numt371	1	1	1	1	1	1	1	1	1	1	1	1
mPanPan1_numt372	1	1	1	1	1	1	1	1	1	1	1	1
mPanPan1_numt373	1	1	1	1	0	0	1	1	1	1	1	1
mPanPan1_numt374	1	1	1	0	0	0	1	1	1	1	1	1
mPanPan1_numt375	1	1	1	0	0	1	1	1	1	1	1	1
mPanPan1_numt376	1	1	1	0	0	0	1	1	1	1	1	1
mPanPan1_numt377	1	1	1	0	1	1	1	1	1	1	1	1
mPanPan1_numt378	1	1	1	1	1	1	1	1	1	1	1	1
mPanPan1_numt379	1	1	1	1	0	0	1	1	1	1	1	1
mPanPan1_numt380	1	1	1	0	0	0	1	1	1	1	1	0
mPanPan1_numt381	1	1	1	0	0	0	1	1	1	1	1	1
mPanPan1_numt382	1	1	1	0	0	0	1	1	1	1	1	1
mPanPan1_numt383	1	1	1	0	0	0	1	1	1	1	1	1
mPanPan1_numt384	1	1	1	1	0	0	1	1	1	1	1	1
mPanPan1_numt385	1	1	1	1	0	0	1	1	1	1	1	1
mPanPan1_numt386	1	1	1	1	0	0	1	1	1	1	1	1
mPanPan1_numt387	1	1	1	1	1	1	1	1	1	1	1	1
mPanPan1_numt388	1	1	1	1	0	0	1	1	1	1	1	1
mPanPan1_numt389	1	1	1	1	1	1	1	1	1	1	1	1
mPanPan1_numt390	1	1	0	0	0	0	1	1	1	1	1	1
mPanPan1_numt391	1	1	0	0	0	0	1	1	1	1	1	1
mPanPan1_numt392	1	1	1	1	1	1	1	1	1	1	1	1
mPanPan1_numt393	NaN	NaN	NaN	NaN	NaN	NaN	1	1	1	1	1	1
mPanPan1_numt394	1	0	0	0	0	0	1	0	1	1	1	1
mPanPan1_numt395	1	1	1	1	1	1	1	1	1	1	1	1
mPanPan1_numt396	1	1	1	1	0	0	1	1	1	1	1	1
mPanPan1_numt397	1	1	1	1	0	0	1	1	1	1	1	1
mPanPan1_numt398	1	1	0	0	0	0	1	1	1	1	1	1
mPanPan1_numt399	1	1	1	1	0	0	1	1	1	1	1	1
mPanPan1_numt400	1	1	1	1	0	0	1	1	1	1	1	1
mPanPan1_numt401	1	1	1	1	0	0	1	1	1	1	1	1
mPanPan1_numt402	1	1	1	1	0	0	1	1	1	1	1	1
mPanPan1_numt403	NaN	NaN	NaN	NaN	NaN	NaN	1	1	1	1	1	1
mPanPan1_numt404	1	1	1	1	0	0	1	1	1	1	1	1
mPanPan1_numt405	1	1	0	0	0	0	1	1	1	1	1	1
mPanPan1_numt406	1	1	1	1	1	0	1	1	1	1	1	1
mPanPan1_numt407	1	1	1	1	0	0	1	1	1	1	1	1
mPanPan1_numt408	1	0	0	0	0	0	1	0	1	0	1	0
mPanPan1_numt409	1	1	1	1	0	1	1	1	1	1	1	1
mPanPan1_numt410	1	1	1	1	0	0	1	1	1	1	1	1
mPanPan1_numt411	1	1	1	1	0	1	1	1	1	1	1	1
mPanPan1_numt412	1	1	1	1	0	1	1	1	1	1	1	1
mPanPan1_numt413	1	1	1	1	0	0	1	1	1	1	1	1
mPanPan1_numt414	1	1	1	1	0	0	NaN	NaN	NaN	NaN	NaN	NaN
mPanPan1_numt415	1	1	1	1	0	1	1	1	1	1	1	1
mPanPan1_numt416	1	1	1	1	0	0	1	1	1	1	1	1
mPanPan1_numt417	1	1	1	1	0	1	1	1	1	1	1	1
mPanPan1_numt418	1	1	1	1	0	1	1	1	0	1	1	1
mPanPan1_numt419	1	1	1	1	0	1	1	0	1	1	1	1
mPanPan1_numt420	1	1	0	0	0	0	1	1	1	1	1	1
mPanPan1_numt421	1	1	1	1	1	1	1	1	1	1	1	1
mPanPan1_numt422	1	1	0	0	0	0	1	1	1	1	1	1
mPanPan1_numt423	1	1	1	1	1	1	1	1	1	1	1	1
mPanPan1_numt424	1	1	1	1	1	1	1	1	1	1	1	1
mPanPan1_numt425	1	1	0	0	0	0	NaN	NaN	NaN	NaN	NaN	NaN
mPanPan1_numt426	1	1	1	1	1	1	1	1	1	1	1	1
mPanPan1_numt427	1	1	1	1	1	1	1	1	1	1	1	1
mPanPan1_numt428	1	1	1	1	1	1	1	1	1	1	1	1
mPanPan1_numt429	1	1	1	1	1	1	1	1	1	1	1	1
mPanPan1_numt430	1	1	1	0	0	0	1	1	1	1	1	1
mPanPan1_numt431	1	0	0	0	0	0	1	1	1	1	1	1
mPanPan1_numt432	1	1	1	1	1	1	1	1	1	1	1	1
mPanPan1_numt433	1	1	1	1	0	0	1	1	1	1	1	1
mPanPan1_numt434	1	1	1	0	0	0	1	1	1	1	1	1
mPanPan1_numt435	1	1	1	1	1	1	1	1	1	1	1	1
mPanPan1_numt436	1	1	1	1	1	1	1	1	1	1	1	1
mPanPan1_numt437	1	1	1	1	0	0	1	1	1	1	1	1
mPanPan1_numt438	1	0	0	0	0	0	1	1	1	1	1	1
mPanPan1_numt439	1	1	1	0	0	0	1	1	1	1	1	1
mPanPan1_numt440	1	1	1	1	1	1	1	1	1	1	1	1
mPanPan1_numt441	1	1	1	1	0	0	1	1	1	1	1	1
mPanPan1_numt442	1	1	1	1	0	0	1	1	1	1	1	1
mPanPan1_numt443	1	1	1	1	1	1	1	1	1	1	1	1
mPanPan1_numt444	1	1	1	1	0	0	1	1	1	1	1	1
mPanPan1_numt445	1	1	1	1	0	0	1	1	1	1	1	1
mPanPan1_numt446	1	1	0	0	0	0	1	1	1	1	1	1
mPanPan1_numt447	1	1	0	0	0	0	1	1	1	1	1	1
mPanPan1_numt448	1	1	0	1	0	0	1	1	1	1	1	1
mPanPan1_numt449	1	1	0	1	1	1	1	1	1	1	1	1
mPanPan1_numt450	1	1	0	1	1	1	1	1	1	1	1	1
mPanPan1_numt451	1	1	0	1	1	1	1	1	1	1	1	1
mPanPan1_numt452	1	1	0	1	0	1	1	1	1	1	1	1
mPanPan1_numt453	1	1	0	1	0	0	1	1	1	1	1	1
mPanPan1_numt454	1	1	0	1	0	0	1	1	1	1	1	1
mPanPan1_numt455	1	1	0	1	1	1	1	1	1	1	1	1
mPanPan1_numt456	1	1	0	0	0	0	1	1	1	1	1	1
mPanPan1_numt457	1	1	1	1	1	1	1	1	1	1	1	1
mPanPan1_numt458	1	1	1	1	1	1	1	1	1	1	1	1
mPanPan1_numt459	1	1	1	1	1	1	1	1	1	1	1	1
mPanPan1_numt460	1	1	1	1	1	1	1	1	1	1	1	1
mPanPan1_numt461	NaN	NaN	NaN	NaN	NaN	NaN	1	1	1	1	1	1
mPanPan1_numt462	1	1	1	1	1	1	1	1	1	1	1	1
mPanPan1_numt463	1	1	1	1	1	1	1	1	1	1	1	1
mPanPan1_numt464	1	1	1	1	0	0	1	1	1	1	1	1
mPanPan1_numt465	1	1	1	1	1	1	1	1	1	1	1	1
mPanPan1_numt466	1	1	1	1	1	1	1	1	1	1	1	1
mPanPan1_numt467	1	1	1	1	0	0	1	1	1	1	1	1
mPanPan1_numt468	1	1	1	1	1	1	1	1	1	1	1	1
mPanPan1_numt469	1	1	0	0	0	0	1	1	0	1	0	1
mPanPan1_numt470	1	1	0	1	0	0	1	1	1	1	1	1
mPanPan1_numt471	1	0	0	0	0	0	1	1	1	1	1	1
mPanPan1_numt472	1	1	1	1	1	1	1	1	1	1	1	1
mPanPan1_numt473	1	1	0	0	0	0	1	1	1	1	1	1
mPanPan1_numt474	1	1	1	1	1	1	1	0	1	1	1	1
mPanPan1_numt475	1	1	1	0	0	0	1	1	1	1	1	1
mPanPan1_numt476	1	1	1	0	1	1	1	1	1	1	1	1
mPanPan1_numt477	1	1	1	0	1	1	1	1	1	1	1	1
mPanPan1_numt478	1	1	0	0	0	0	1	1	1	1	1	1
mPanPan1_numt479	1	1	1	0	1	0	1	1	1	1	1	1
mPanPan1_numt480	1	1	1	0	1	1	1	1	1	1	1	1
mPanPan1_numt481	1	1	1	0	1	1	1	1	1	1	1	1
mPanPan1_numt482	1	1	1	0	1	1	1	1	1	1	1	1
mPanPan1_numt483	1	1	0	0	0	0	1	1	1	1	1	1
mPanPan1_numt484	1	1	0	0	0	0	1	1	1	1	1	1
mPanPan1_numt485	1	1	0	0	0	0	1	1	1	1	1	1
mPanPan1_numt486	1	1	0	0	0	0	1	1	1	1	1	1
mPanPan1_numt487	1	1	0	0	0	0	1	1	1	1	1	1
mPanPan1_numt488	1	1	0	1	0	0	1	1	1	1	1	1
mPanPan1_numt489	1	1	0	1	0	0	1	1	1	1	1	1
mPanPan1_numt490	1	1	0	1	0	0	1	1	1	1	1	1
mPanPan1_numt491	1	1	0	1	0	0	1	1	1	1	1	1
mPanPan1_numt492	1	1	0	0	0	0	1	1	1	1	1	1
mPanPan1_numt493	1	1	1	0	0	0	1	1	1	1	1	1
mPanPan1_numt494	1	1	0	0	0	0	1	1	1	1	1	1
mPanPan1_numt495	1	0	0	0	0	0	1	1	1	1	1	1
mPanPan1_numt496	1	1	0	1	0	0	1	1	1	1	1	1
mPanPan1_numt497	1	1	1	1	1	1	1	1	1	1	1	1
mPanPan1_numt498	1	1	1	1	1	1	1	1	1	1	1	1
mPanPan1_numt499	1	0	0	0	0	0	1	1	1	1	1	1
mPanPan1_numt500	1	0	0	0	0	0	1	1	1	1	1	1
mPanPan1_numt501	1	1	1	1	0	0	1	1	1	1	1	1
mPanPan1_numt502	1	1	0	0	0	0	1	1	1	1	1	1
mPanPan1_numt503	1	1	1	1	1	1	1	1	1	1	1	1
mPanPan1_numt504	NaN	NaN	NaN	NaN	NaN	NaN	1	1	1	1	1	1
mPanPan1_numt505	1	1	1	1	1	1	1	1	1	1	1	1
mPanPan1_numt506	1	1	0	0	0	0	1	1	1	1	1	1
mPanPan1_numt507	1	1	1	1	1	1	1	1	1	1	1	1
mPanPan1_numt508	1	1	1	1	1	1	1	1	1	1	1	1
mPanPan1_numt509	1	1	0	0	0	0	1	1	1	1	1	1
mPanPan1_numt510	1	1	1	1	1	1	NaN	NaN	NaN	NaN	NaN	NaN
mPanPan1_numt511	1	1	1	1	1	1	1	1	1	1	1	1
mPanPan1_numt512	1	0	0	0	0	0	1	1	1	1	1	1
mPanPan1_numt513	NaN	NaN	NaN	NaN	NaN	NaN	1	1	1	1	1	1
mPanPan1_numt514	1	1	1	0	0	0	1	1	1	1	1	1
mPanPan1_numt515	1	1	1	1	0	0	1	1	1	1	1	1
mPanPan1_numt516	1	1	0	0	0	0	1	1	1	1	1	1
mPanPan1_numt517	1	1	0	0	0	0	1	1	1	1	1	1
mPanPan1_numt518	1	1	1	1	1	1	1	1	1	1	1	1
mPanPan1_numt519	1	0	0	0	0	0	1	1	1	1	1	1
mPanPan1_numt520	1	0	0	0	0	0	1	1	1	1	1	1
mPanPan1_numt521	1	0	0	0	0	0	1	1	1	1	1	1
mPanPan1_numt522	1	1	1	1	0	0	1	1	1	1	1	1
mPanPan1_numt523	1	1	0	1	0	0	1	1	1	1	1	1
mPanPan1_numt524	1	1	1	1	1	1	1	1	1	1	1	1
mPanPan1_numt525	1	1	1	1	1	1	1	1	1	1	1	1
mPanPan1_numt526	1	1	1	1	0	0	1	1	1	1	1	1
mPanPan1_numt527	1	1	1	1	1	1	1	1	1	1	1	1
mPanPan1_numt528	1	1	1	1	1	1	1	1	1	1	1	1
mPanPan1_numt529	1	0	0	0	0	0	1	1	1	1	1	1
mPanPan1_numt530	1	0	0	0	0	0	1	0	1	0	0	0
mPanPan1_numt531	1	1	0	0	0	0	1	1	1	1	1	1
mPanPan1_numt532	1	1	1	1	0	0	1	1	1	1	1	1
mPanPan1_numt533	1	1	1	1	1	1	1	1	1	1	1	1
mPanPan1_numt534	1	0	0	0	0	0	1	1	1	1	1	1
mPanPan1_numt535	1	1	1	1	1	1	1	1	1	1	1	1
mPanPan1_numt536	NaN	NaN	NaN	NaN	NaN	NaN	1	1	1	1	1	1
mPanPan1_numt537	NaN	NaN	NaN	NaN	NaN	NaN	1	1	1	1	1	1
mPanPan1_numt538	NaN	NaN	NaN	NaN	NaN	NaN	1	1	1	1	1	1
mPanPan1_numt539	1	1	1	1	1	1	1	1	1	1	1	1
mPanPan1_numt540	1	1	1	1	1	1	1	1	1	1	1	1
mPanPan1_numt541	1	1	1	1	1	1	1	1	1	1	1	1
mPanPan1_numt542	1	1	1	1	0	0	1	1	1	1	1	1
mPanPan1_numt543	1	0	0	0	0	0	1	1	1	1	1	1
mPanPan1_numt544	1	1	1	1	1	1	1	1	1	1	1	1
mPanPan1_numt545	1	1	1	1	0	0	1	1	1	1	1	1
mPanPan1_numt546	1	1	1	1	1	1	1	1	1	1	1	1
mPanPan1_numt547	NaN	NaN	NaN	NaN	NaN	NaN	1	1	1	1	1	1
mPanPan1_numt548	1	1	1	1	1	1	1	1	1	1	1	1
mPanPan1_numt549	1	1	0	0	0	0	1	1	1	1	1	1
mPanPan1_numt550	1	1	1	1	0	0	1	1	1	1	1	1
mPanPan1_numt551	1	1	1	1	0	0	1	1	1	1	1	1
mPanPan1_numt552	1	1	1	1	1	0	1	1	1	1	1	1
mPanPan1_numt553	1	0	0	0	0	0	1	1	1	1	1	1
mPanPan1_numt554	1	1	1	1	0	0	1	1	1	1	1	1
mPanPan1_numt555	1	1	1	1	0	0	1	1	1	1	1	1
mPanPan1_numt556	1	1	1	1	0	0	1	1	1	1	1	1
mPanPan1_numt557	1	1	1	0	0	0	1	1	1	1	1	1
mPanPan1_numt558	1	0	0	0	0	0	1	1	1	1	1	1
mPanPan1_numt559	1	1	1	1	0	0	1	1	1	1	1	1
mPanPan1_numt560	1	1	1	1	0	0	1	1	1	1	1	1
mPanPan1_numt561	1	1	1	1	0	0	1	1	1	1	1	1
mPanPan1_numt562	1	1	1	1	0	0	1	1	1	1	1	1
mPanPan1_numt563	1	1	0	0	0	0	1	1	1	1	1	1
mPanPan1_numt564	1	1	1	1	0	0	1	1	1	1	1	1
mPanPan1_numt565	1	0	0	0	0	0	1	1	1	1	1	1
mPanPan1_numt566	1	1	1	1	0	0	1	1	1	1	1	1
mPanPan1_numt567	NaN	NaN	NaN	NaN	NaN	NaN	1	1	1	1	1	1
mPanPan1_numt568	1	0	0	0	0	0	1	1	1	1	1	1
mPanPan1_numt569	1	0	0	0	0	0	1	1	1	1	1	1
mPanPan1_numt570	1	0	0	0	0	0	1	1	1	1	1	1
mPanPan1_numt571	1	0	0	0	0	0	1	1	1	1	1	1
mPanPan1_numt572	1	0	0	0	0	0	1	1	1	1	1	1
mPanPan1_numt573	1	0	0	0	0	0	1	1	1	1	1	1
mPanPan1_numt574	1	0	0	0	0	0	1	1	1	1	1	1
mPanPan1_numt575	1	0	0	0	0	0	1	1	1	1	1	1
mPanPan1_numt576	1	0	0	0	0	0	1	1	1	1	1	1
mPanPan1_numt577	1	0	0	0	0	0	1	1	1	1	1	1
mPanPan1_numt578	1	1	0	0	0	0	1	1	1	1	1	1
mPanPan1_numt579	1	1	1	1	1	1	1	1	1	1	1	1
mPanPan1_numt580	1	1	1	1	1	1	1	1	1	1	1	1
mPanPan1_numt581	1	1	1	1	1	1	1	1	1	1	1	1
mPanPan1_numt582	1	1	1	1	1	1	1	1	1	1	1	1
mPanPan1_numt583	1	1	1	1	1	1	1	1	1	1	1	1
mPanPan1_numt584	1	1	1	1	1	1	1	1	1	1	1	1
mPanPan1_numt585	1	1	1	1	1	1	1	1	1	1	1	1
mPanPan1_numt586	1	1	1	1	1	1	1	1	1	1	1	1
mPanPan1_numt587	1	1	1	1	0	0	1	1	1	1	1	1
mPanPan1_numt588	1	1	1	1	0	0	1	1	1	1	1	1
mPanPan1_numt589	1	1	1	1	1	1	1	1	1	1	1	1
mPanPan1_numt590	1	1	1	1	1	1	1	1	1	1	1	1
mPanPan1_numt591	1	1	1	1	1	1	1	1	1	1	1	1
mPanPan1_numt592	1	1	1	1	0	0	1	1	1	1	1	1
mPanPan1_numt593	1	1	1	1	1	1	1	1	1	1	1	1
mPanPan1_numt594	1	1	1	1	0	0	1	1	1	1	1	1
mPanPan1_numt595	1	1	0	0	0	0	1	0	1	1	1	1
mPanPan1_numt596	1	1	1	0	0	0	1	1	1	1	1	1
mPanPan1_numt597	1	1	1	1	1	1	0	0	0	0	0	0
mPanPan1_numt598	1	1	1	1	1	1	0	0	1	0	0	0
mPanPan1_numt599	1	1	1	0	0	0	1	1	1	1	1	1
mPanPan1_numt600	1	1	1	1	1	0	1	1	1	1	1	1
mPanPan1_numt601	1	1	1	1	0	0	1	1	1	0	1	1
mPanPan1_numt602	1	1	0	0	0	0	1	1	1	1	1	1
mPanPan1_numt603	1	1	0	1	0	0	1	1	1	1	1	1
mPanPan1_numt604	1	1	1	1	1	0	1	1	1	1	1	1
mPanPan1_numt605	1	0	0	0	0	0	1	1	1	1	1	1
mPanPan1_numt606	1	1	1	1	1	1	1	1	1	1	1	1
mPanPan1_numt607	1	1	1	1	0	0	1	1	1	1	1	1
mPanPan1_numt608	1	1	1	1	1	1	1	1	1	1	1	1
mPanPan1_numt609	1	1	1	0	1	1	1	1	1	1	1	1
mPanPan1_numt610	1	1	1	0	0	1	1	1	1	1	1	1
mPanPan1_numt611	1	1	1	0	0	0	1	1	1	1	1	1
mPanPan1_numt612	1	1	1	0	1	1	1	1	1	1	1	1
mPanPan1_numt613	1	1	1	0	1	1	1	1	1	1	1	1
mPanPan1_numt614	1	1	1	0	1	1	1	1	1	1	1	1
mPanPan1_numt615	1	1	1	0	1	1	1	1	1	1	1	1
mPanPan1_numt616	NaN	NaN	NaN	NaN	NaN	NaN	1	1	1	1	1	1
mPanPan1_numt617	1	1	1	0	0	1	1	1	1	1	1	1
mPanPan1_numt618	1	1	0	0	0	0	1	0	1	1	1	1
mPanPan1_numt619	1	1	1	0	1	1	1	1	1	1	1	1
mPanPan1_numt620	1	1	1	0	0	0	1	1	1	1	1	1
mPanPan1_numt621	1	1	1	0	1	1	1	1	1	1	1	1
mPanPan1_numt622	1	1	1	0	1	0	1	1	1	1	1	1
mPanPan1_numt623	1	1	1	0	1	1	1	1	1	1	1	1
mPanPan1_numt624	1	1	1	0	1	1	1	1	1	1	1	1
mPanPan1_numt625	1	1	0	0	0	0	1	1	1	1	1	1
mPanPan1_numt626	1	1	1	0	1	1	1	1	1	1	1	1
mPanPan1_numt627	1	1	1	0	1	1	1	1	1	1	1	1
mPanPan1_numt628	1	1	1	0	1	1	1	1	1	1	1	1
mPanPan1_numt629	1	1	1	0	1	1	1	1	1	1	1	1
mPanPan1_numt630	1	1	1	0	1	1	1	1	1	1	1	1
mPanPan1_numt631	1	1	1	0	0	0	1	1	1	1	1	1
mPanPan1_numt632	1	0	1	0	0	0	1	1	0	1	1	1
mPanPan1_numt633	1	1	1	0	1	0	1	1	1	1	1	1
mPanPan1_numt634	1	0	0	0	0	0	1	1	1	1	1	1
mPanPan1_numt635	1	0	0	0	0	0	1	1	1	1	1	1
mPanPan1_numt636	1	1	1	1	1	1	NaN	NaN	NaN	NaN	NaN	NaN
mPanPan1_numt637	1	1	1	1	1	1	1	1	1	1	1	1
mPanPan1_numt638	1	1	1	1	1	1	1	1	1	1	1	1
mPanPan1_numt639	1	1	1	1	1	1	1	1	1	1	1	1
mPanPan1_numt640	1	1	1	1	1	1	1	1	1	1	1	1
mPanPan1_numt641	1	1	1	1	1	1	1	1	1	1	1	1
mPanPan1_numt642	1	1	1	1	1	1	1	1	1	1	1	1
mPanPan1_numt643	1	1	1	1	0	1	1	1	1	1	1	1
mPanPan1_numt644	1	1	0	1	1	1	1	1	1	1	1	1
mPanPan1_numt645	1	1	1	1	1	1	1	1	1	1	1	1
mPanPan1_numt646	1	1	1	1	1	1	1	1	1	1	1	1
mPanPan1_numt647	1	1	1	1	1	1	1	1	1	1	1	1
mPanPan1_numt648	1	1	1	1	1	1	1	1	1	1	1	1
mPanPan1_numt649	1	1	1	1	1	1	1	1	1	1	1	1
mPanPan1_numt650	1	1	1	1	1	1	1	1	1	1	1	1
mPanPan1_numt651	1	1	0	1	0	0	1	1	1	1	1	1
mPanPan1_numt652	1	1	1	1	1	1	1	1	1	1	1	1
mPanPan1_numt653	1	1	1	1	1	1	1	1	1	1	1	1
mPanPan1_numt654	1	0	0	0	0	0	1	1	1	1	1	1
mPanPan1_numt655	1	0	0	0	0	0	1	1	1	1	1	1
mPanPan1_numt656	1	1	1	1	1	0	1	1	1	1	1	1
mPanPan1_numt657	1	1	1	1	1	1	NaN	NaN	NaN	NaN	NaN	NaN
mPanPan1_numt658	1	1	1	1	1	1	1	1	1	1	1	1
mPanPan1_numt659	1	1	1	1	1	1	1	1	1	1	1	1
mPanPan1_numt660	1	1	1	1	1	1	1	1	1	1	1	1
mPanPan1_numt661	1	1	1	1	1	1	1	1	1	1	1	1
mPanPan1_numt662	1	1	1	1	1	1	1	1	1	1	1	1
mPanPan1_numt663	1	1	0	1	1	1	1	1	1	1	1	1
mPanPan1_numt664	1	1	1	1	1	1	1	1	1	1	1	1
mPanPan1_numt665	1	1	1	0	0	0	1	1	0	1	1	1
mPanPan1_numt666	1	1	0	0	1	0	1	1	1	1	1	1
mPanPan1_numt667	1	1	1	0	1	1	1	1	1	1	1	1
mPanPan1_numt668	1	1	1	0	0	0	1	1	1	1	1	1
mPanPan1_numt669	1	1	1	0	0	0	1	1	1	1	1	1
mPanPan1_numt670	1	1	1	1	0	0	1	1	1	1	1	1
mPanPan1_numt671	1	1	1	1	0	0	1	1	1	1	1	1
mPanPan1_numt672	1	1	1	0	1	1	1	1	1	1	1	1
mPanPan1_numt673	1	1	1	0	0	0	1	1	1	1	1	1
mPanPan1_numt674	1	1	1	0	0	0	1	1	1	1	1	1
mPanPan1_numt675	1	0	0	0	0	0	1	1	1	1	1	0
mPanPan1_numt676	1	1	1	0	0	0	1	1	1	1	1	1
mPanPan1_numt677	1	1	1	0	0	0	1	1	1	1	1	1
mPanPan1_numt678	1	1	1	0	0	0	1	1	1	1	1	1
mPanPan1_numt679	1	1	1	0	0	0	1	1	1	1	1	1
mPanPan1_numt680	1	1	1	1	0	0	1	1	1	1	1	1
mPanPan1_numt681	1	1	1	1	1	1	1	1	1	1	1	1
mPanPan1_numt682	1	1	1	1	1	1	1	1	1	1	1	1
mPanPan1_numt683	1	1	1	1	0	0	1	1	1	1	1	1
mPanPan1_numt684	1	1	1	0	0	1	1	1	1	1	1	1
mPanPan1_numt685	1	1	1	1	1	1	1	1	1	1	1	1
mPanPan1_numt686	1	1	1	1	0	0	1	1	1	1	1	1
mPanPan1_numt687	1	1	1	1	0	0	1	1	1	1	1	1
mPanPan1_numt688	1	1	1	1	1	1	1	1	1	1	1	1
mPanPan1_numt689	1	1	1	1	1	1	1	1	1	1	1	1
mPanPan1_numt690	1	1	1	1	0	0	1	1	0	1	1	1
mPanPan1_numt691	1	1	1	1	0	0	1	1	1	1	1	1
mPanPan1_numt692	1	1	1	1	0	0	1	1	1	1	1	1
mPanPan1_numt693	1	1	1	1	0	0	1	1	1	1	1	1
mPanPan1_numt694	1	1	1	1	0	0	1	1	1	1	1	1
mPanPan1_numt695	1	1	1	1	0	0	1	1	1	1	1	1
mPanPan1_numt696	1	1	1	1	0	0	1	1	1	1	1	1
mPanPan1_numt697	1	1	1	1	0	0	1	1	1	1	1	1
mPanPan1_numt698	1	1	1	0	0	0	1	1	1	1	1	1
mPanPan1_numt699	1	1	1	1	0	0	1	1	1	1	1	1
mPanPan1_numt700	1	1	1	1	0	0	1	1	1	1	1	1
mPanPan1_numt701	1	1	1	1	1	1	1	1	1	1	1	1
mPanPan1_numt702	1	1	1	1	1	1	1	1	1	1	1	1
mPanPan1_numt703	1	1	1	1	1	1	1	1	1	1	1	1
mPanPan1_numt704	1	1	1	1	1	1	1	1	1	1	1	1
mPanPan1_numt705	1	1	1	1	0	0	1	1	1	1	1	1
mPanPan1_numt706	1	1	1	1	1	1	1	1	1	1	1	1
mPanPan1_numt707	1	0	0	0	0	0	1	1	1	1	1	1
mPanPan1_numt708	1	1	1	1	0	0	1	1	1	1	1	1
mPanPan1_numt709	1	1	0	0	0	0	1	1	1	1	1	1
mPanPan1_numt710	1	1	1	1	0	0	1	1	1	1	1	1
mPanPan1_numt711	1	0	0	0	0	0	1	1	1	1	1	1
mPanPan1_numt712	1	1	1	1	1	1	1	1	1	1	1	1
mPanPan1_numt713	1	1	1	1	1	1	1	1	1	1	1	1
mPanPan1_numt714	1	1	1	1	1	1	1	1	1	1	1	1
mPanPan1_numt715	1	1	1	0	0	0	1	1	1	1	1	1
mPanPan1_numt716	1	0	0	0	0	0	1	1	1	1	1	1
mPanPan1_numt717	1	1	1	1	1	1	1	1	1	1	1	1
mPanPan1_numt718	1	1	1	0	1	1	1	1	1	1	1	1
mPanPan1_numt719	1	1	1	1	1	1	1	1	1	1	1	1
mPanPan1_numt720	1	1	1	1	1	1	1	1	1	1	1	1
mPanPan1_numt721	1	1	1	1	1	1	1	1	1	1	1	1
mPanPan1_numt722	1	1	1	1	1	1	1	1	1	1	1	1
mPanPan1_numt723	1	1	1	1	1	0	1	1	1	1	1	1
mPanPan1_numt724	1	1	1	1	1	1	1	1	1	1	1	1
mPanPan1_numt725	1	1	1	1	1	1	1	1	1	1	1	1
mPanPan1_numt726	1	1	1	1	1	1	1	1	1	1	1	1
mPanPan1_numt727	1	1	1	1	1	1	1	1	1	1	1	1
mPanPan1_numt728	1	1	1	1	1	1	1	1	1	1	1	1
mPanPan1_numt729	1	1	0	1	1	1	1	1	1	1	1	1
mPanPan1_numt730	1	1	1	1	1	1	1	1	1	1	1	1
mPanPan1_numt731	1	1	1	1	0	0	1	1	1	1	1	1
mPanPan1_numt732	1	0	0	0	0	0	1	1	1	1	1	1
mPanPan1_numt733	1	0	0	0	0	0	1	1	1	1	1	1
mPanPan1_numt734	1	1	1	1	0	0	1	1	1	1	1	1
mPanPan1_numt735	1	1	1	1	1	1	1	1	1	1	1	1
mPanPan1_numt736	1	1	1	1	1	1	1	1	1	1	1	1
mPanPan1_numt737	1	1	1	1	1	1	1	1	1	1	1	1
mPanPan1_numt738	1	1	0	1	1	1	1	1	1	1	1	1
mPanPan1_numt739	1	1	1	1	1	1	1	1	1	1	1	1
mPanPan1_numt740	1	1	1	1	1	1	1	1	1	1	1	1
mPanPan1_numt741	1	1	1	1	0	0	1	1	1	1	1	1
mPanPan1_numt742	1	1	1	1	0	0	1	1	1	1	1	1
mPanPan1_numt743	1	1	1	1	1	1	1	1	1	1	1	1
mPanPan1_numt744	1	1	1	1	1	1	1	1	1	1	1	1
mPanPan1_numt745	1	1	1	1	1	1	1	1	1	1	1	1
mPanPan1_numt746	1	1	1	1	1	1	1	1	1	1	1	1
mPanPan1_numt747	1	1	1	1	1	1	1	1	1	1	1	1
mPanPan1_numt748	1	1	1	1	1	1	1	1	1	1	1	1
mPanPan1_numt749	1	1	1	1	1	1	1	1	1	1	1	1
mPanPan1_numt750	1	1	1	1	1	1	1	1	1	1	1	1
mPanPan1_numt751	1	1	1	1	1	1	1	1	1	1	1	1
mPanPan1_numt752	1	1	1	1	1	1	1	1	1	1	1	1
mPanPan1_numt753	1	1	1	1	1	1	1	1	1	1	1	1
mPanPan1_numt754	1	1	1	1	1	1	1	1	1	1	1	1
mPanPan1_numt755	1	1	1	1	0	0	1	1	1	1	1	1
mPanPan1_numt756	1	1	1	1	1	0	1	1	1	1	1	1
mPanPan1_numt757	1	1	1	1	1	1	1	1	1	1	1	1
mPanPan1_numt758	1	1	1	1	1	1	1	1	1	1	1	1
mPanPan1_numt759	1	1	1	1	1	1	1	1	1	1	1	1
mPanPan1_numt760	1	1	0	1	1	1	1	1	1	1	1	0
mPanPan1_numt761	1	1	0	1	1	1	1	1	1	1	1	0
mPanPan1_numt762	1	1	1	1	1	1	1	1	1	1	1	1
mPanPan1_numt763	1	1	1	1	0	1	1	1	1	1	1	1
mPanPan1_numt764	1	1	1	1	1	1	1	1	1	1	1	1
mPanPan1_numt765	1	1	1	1	0	0	1	1	1	1	1	1
mPanPan1_numt766	1	1	1	1	1	0	1	1	1	1	1	1
mPanPan1_numt767	1	1	1	1	1	1	1	1	1	1	1	1
mPanPan1_numt768	1	1	1	1	1	1	1	1	1	1	1	1
mPanPan1_numt769	1	1	1	1	1	1	1	1	1	1	1	1
mPanPan1_numt770	1	1	1	1	0	0	1	1	1	1	1	1
mPanPan1_numt771	1	1	1	0	0	0	1	1	1	1	1	1
mPanPan1_numt772	1	1	1	0	0	0	1	1	1	1	1	1
mPanPan1_numt773	1	1	1	0	0	0	1	1	1	1	1	1
mPanPan1_numt774	1	1	1	0	0	0	1	1	1	1	1	1
mPanPan1_numt775	1	1	1	1	0	0	0	0	0	0	0	1
mPanPan1_numt776	1	1	0	0	0	0	0	0	1	1	0	1
mPanPan1_numt777	1	1	0	0	0	0	0	0	0	0	0	1
mPanPan1_numt778	1	1	0	0	0	0	0	0	0	1	1	1
mPanPan1_numt779	1	1	0	0	0	0	0	0	0	0	0	0
mPanPan1_numt780	1	1	0	0	0	0	0	0	0	0	0	1
mPanPan1_numt781	1	1	0	0	0	0	0	0	0	0	0	1
mPanPan1_numt782	1	1	0	0	0	0	0	0	0	0	0	1
mPanPan1_numt783	1	1	0	0	0	0	0	1	0	0	1	1
mPanPan1_numt784	1	1	0	0	0	0	0	1	0	0	1	1
mPanPan1_numt785	1	1	0	0	0	0	0	0	0	0	0	1
mPanPan1_numt786	1	1	0	0	0	0	0	0	0	0	0	1
mPanPan1_numt787	1	1	0	0	0	0	0	0	0	0	0	1
mPanPan1_numt788	1	1	0	0	0	0	0	0	0	0	0	0
mPanPan1_numt789	1	1	0	0	0	0	0	0	0	0	1	1
mPanPan1_numt790	1	1	0	0	0	0	0	0	0	1	0	1
mPanPan1_numt791	1	1	0	0	0	0	0	0	0	0	0	1
mPanPan1_numt792	1	1	0	0	0	0	0	1	0	0	0	1
mPanPan1_numt793	1	1	0	0	0	0	0	1	0	0	0	1
mPanPan1_numt794	1	1	0	0	0	0	0	0	0	0	0	1
mPanPan1_numt795	1	1	0	0	0	0	0	0	1	1	1	1
mPanPan1_numt796	1	1	0	0	0	0	0	1	0	1	0	1
mPanPan1_numt797	1	1	0	0	0	0	0	0	0	0	0	1
mPanPan1_numt798	1	1	0	0	0	0	0	0	0	1	0	1
mPanPan1_numt799	1	1	0	0	0	0	0	0	0	1	0	1
mPanPan1_numt800	1	1	0	0	0	0	0	0	0	0	0	1
mPanPan1_numt801	1	1	0	0	0	0	0	1	0	1	1	1
mPanPan1_numt802	1	1	0	0	0	0	0	1	0	1	0	1
mPanPan1_numt803	1	1	0	0	0	0	0	0	0	0	0	1
mPanPan1_numt804	1	1	0	0	0	0	0	0	0	0	1	1
mPanPan1_numt805	1	1	0	0	0	0	0	1	0	1	1	1
mPanPan1_numt806	1	1	0	0	0	0	0	0	0	0	0	1
mPanPan1_numt807	1	1	0	0	0	0	0	0	0	1	0	1
mPanPan1_numt808	1	1	0	0	0	0	0	0	0	0	0	1
mPanPan1_numt809	1	1	0	0	0	0	0	0	0	0	0	1
mPanPan1_numt810	1	1	0	0	0	0	0	1	0	0	0	1
mPanPan1_numt811	1	1	0	0	0	0	0	1	0	0	0	1
mPanPan1_numt812	1	1	0	0	0	0	0	1	0	0	0	1
mPanPan1_numt813	1	1	0	0	0	0	0	1	0	0	0	1
mPanPan1_numt814	1	1	0	0	0	0	0	1	0	1	1	1
mPanPan1_numt815	1	1	0	0	0	0	0	0	0	1	0	1
mPanPan1_numt816	1	1	0	0	0	0	0	0	0	1	0	1
mPanPan1_numt817	1	1	0	0	0	0	0	1	0	1	0	1
mPanPan1_numt818	1	1	0	0	0	0	0	0	0	0	0	1
mPanPan1_numt819	1	1	0	0	0	0	0	0	0	1	1	1
mPanPan1_numt820	1	1	0	0	0	0	0	0	0	1	0	1
mPanPan1_numt821	1	1	0	0	0	0	0	1	0	0	0	1
mPanPan1_numt822	1	1	0	0	0	0	0	1	0	1	0	1
mPanPan1_numt823	1	1	0	0	0	0	0	0	0	0	0	1
mPanPan1_numt824	1	1	0	0	0	0	0	0	0	0	0	1
mPanPan1_numt825	1	1	0	0	0	0	0	0	0	0	0	1
mPanPan1_numt826	1	1	0	0	0	0	0	0	0	0	1	1
mPanPan1_numt827	1	1	0	0	0	0	0	0	0	1	0	0
mPanPan1_numt828	1	1	0	0	0	0	0	0	0	1	0	1
mPanPan1_numt829	1	1	0	0	0	0	0	1	0	0	1	1
mPanPan1_numt830	1	1	0	0	0	0	0	0	0	0	0	1
mPanPan1_numt831	1	1	0	0	0	0	0	1	0	1	0	1
mPanPan1_numt832	1	1	0	0	0	0	0	0	0	1	0	1
mPanPan1_numt833	1	1	0	0	0	0	0	0	0	0	0	1
mPanPan1_numt834	1	1	0	0	0	0	0	0	0	0	0	1
mPanPan1_numt835	1	1	0	0	0	0	0	0	0	0	1	1
mPanPan1_numt836	1	1	0	0	0	0	0	0	0	0	1	1
mPanPan1_numt837	1	1	0	0	0	0	0	1	0	1	1	1
mPanPan1_numt838	1	1	0	0	0	0	0	0	0	0	0	1
mPanPan1_numt839	1	1	0	0	0	0	0	0	0	0	0	1
mPanPan1_numt840	1	1	0	0	0	0	0	0	0	1	0	1
